2026-01-21 00:02:10,345 [INFO] [MainThread] [root/log.py:69]: YASB v1.8.6
2026-01-21 00:02:10,345 [INFO] [Thread-1 (_run_server)] [cli_server/cli_server.py:212]: CLI server started v1.1.4
2026-01-21 00:02:10,345 [INFO] [MainThread] [cli_server/cli_server.py:104]: Log pipe server started
2026-01-21 00:02:10,374 [INFO] [MainThread] [root/config.py:64]: Created default config file at C:\Users\Martijn\.config\yasb\config.yaml
2026-01-21 00:02:10,393 [INFO] [MainThread] [root/config.py:78]: Created default stylesheet at C:\Users\Martijn\.config\yasb\styles.css
2026-01-21 00:02:11,008 [ERROR] [MainThread] [root/weather.py:60]: API key or location is missing. Please provide a valid API key and location.
2026-01-21 00:02:11,022 [INFO] [MainThread] [root/service.py:39]: AudioInputService starting...
2026-01-21 00:02:11,055 [INFO] [MainThread] [root/service.py:48]: AudioOutputService starting...
2026-01-21 00:02:11,197 [ERROR] [MainThread] [root/weather.py:60]: API key or location is missing. Please provide a valid API key and location.
2026-01-21 00:02:11,385 [INFO] [MainThread] [root/bar_manager.py:85]: Starting KomorebiEventListener...
2026-01-21 00:02:11,385 [INFO] [MainThread] [root/bar_manager.py:85]: Starting SystemEventListener...
2026-01-21 00:02:11,385 [INFO] [MainThread] [root/bar_manager.py:85]: Starting WindowsNotificationEventListener...
2026-01-21 00:02:11,386 [INFO] [MainThread] [root/watcher.py:54]: Created file watcher for path C:\Users\Martijn\.config\yasb
2026-01-21 00:02:11,387 [INFO] [Dummy-5] [root/event_listener.py:51]: Created named pipe yasb-0d922384-f654-11f0-b23d-acf23c294540
2026-01-21 00:02:11,444 [INFO] [MainThread] [root/update_service.py:409]: Background update checker started
2026-01-21 00:02:11,444 [DEBUG] [MainThread] [qasync._windows._EventPoller/_windows.py:215]: Starting (proactor: <_IocpProactor overlapped#=0 result#=0>)...
2026-01-21 00:02:11,461 [DEBUG] [Dummy-8] [qasync._windows._EventWorker/_windows.py:195]: Thread started
2026-01-21 00:04:58,192 [INFO] [MainThread] [root/controller.py:15]: Reloading Application from tray...
2026-01-21 00:04:58,296 [INFO] [MainThread] [cli_server/cli_server.py:112]: Log pipe server stopped
2026-01-21 00:04:58,296 [DEBUG] [MainThread] [cli_server/cli_server.py:206]: CLI server stopped
2026-01-21 00:04:58,532 [INFO] [MainThread] [root/log.py:69]: YASB v1.8.6
2026-01-21 00:04:58,533 [INFO] [Thread-1 (_run_server)] [cli_server/cli_server.py:212]: CLI server started v1.1.4
2026-01-21 00:04:58,533 [INFO] [MainThread] [cli_server/cli_server.py:104]: Log pipe server started
2026-01-21 00:04:58,533 [INFO] [MainThread] [root/main.py:45]: Waiting for previous YASB instance to exit...
2026-01-21 00:04:58,607 [INFO] [MainThread] [root/bar_manager.py:92]: Stopping KomorebiEventListener...
2026-01-21 00:04:58,607 [INFO] [MainThread] [root/bar_manager.py:92]: Stopping SystemEventListener...
2026-01-21 00:04:58,607 [INFO] [MainThread] [root/bar_manager.py:92]: Stopping WindowsNotificationEventListener...
2026-01-21 00:04:58,616 [DEBUG] [MainThread] [qasync._windows._EventPoller/_windows.py:220]: Stopping worker thread...
2026-01-21 00:04:58,624 [DEBUG] [Dummy-8] [qasync._windows._EventWorker/_windows.py:204]: Exiting thread
2026-01-21 00:04:58,630 [DEBUG] [MainThread] [qasync._windows._IocpProactor/_windows.py:78]: Closing
2026-01-21 00:04:58,784 [INFO] [MainThread] [root/main.py:71]: Previous instance exited, continuing startup.
2026-01-21 00:04:59,163 [ERROR] [MainThread] [root/weather.py:60]: API key or location is missing. Please provide a valid API key and location.
2026-01-21 00:04:59,176 [INFO] [MainThread] [root/service.py:39]: AudioInputService starting...
2026-01-21 00:04:59,209 [INFO] [MainThread] [root/service.py:48]: AudioOutputService starting...
2026-01-21 00:04:59,335 [ERROR] [MainThread] [root/weather.py:60]: API key or location is missing. Please provide a valid API key and location.
2026-01-21 00:04:59,361 [INFO] [MainThread] [root/bar_manager.py:85]: Starting SystemEventListener...
2026-01-21 00:04:59,361 [INFO] [MainThread] [root/bar_manager.py:85]: Starting KomorebiEventListener...
2026-01-21 00:04:59,362 [INFO] [MainThread] [root/bar_manager.py:85]: Starting WindowsNotificationEventListener...
2026-01-21 00:04:59,362 [INFO] [MainThread] [root/watcher.py:54]: Created file watcher for path C:\Users\Martijn\.config\yasb
2026-01-21 00:04:59,362 [INFO] [Dummy-5] [root/event_listener.py:51]: Created named pipe yasb-71b15bc6-f654-11f0-811a-acf23c294540
2026-01-21 00:04:59,386 [INFO] [MainThread] [root/update_service.py:409]: Background update checker started
2026-01-21 00:04:59,386 [DEBUG] [MainThread] [qasync._windows._EventPoller/_windows.py:215]: Starting (proactor: <_IocpProactor overlapped#=0 result#=0>)...
2026-01-21 00:04:59,387 [DEBUG] [Dummy-8] [qasync._windows._EventWorker/_windows.py:195]: Thread started
2026-01-21 00:05:32,678 [INFO] [MainThread] [root/controller.py:15]: Reloading Application from tray...
2026-01-21 00:05:32,779 [INFO] [MainThread] [cli_server/cli_server.py:112]: Log pipe server stopped
2026-01-21 00:05:32,780 [DEBUG] [MainThread] [cli_server/cli_server.py:206]: CLI server stopped
2026-01-21 00:05:32,877 [INFO] [MainThread] [root/bar_manager.py:92]: Stopping SystemEventListener...
2026-01-21 00:05:32,877 [INFO] [MainThread] [root/bar_manager.py:92]: Stopping KomorebiEventListener...
2026-01-21 00:05:32,877 [INFO] [MainThread] [root/bar_manager.py:92]: Stopping WindowsNotificationEventListener...
2026-01-21 00:05:32,883 [DEBUG] [MainThread] [qasync._windows._EventPoller/_windows.py:220]: Stopping worker thread...
2026-01-21 00:05:32,889 [DEBUG] [Dummy-8] [qasync._windows._EventWorker/_windows.py:204]: Exiting thread
2026-01-21 00:05:32,894 [DEBUG] [MainThread] [qasync._windows._IocpProactor/_windows.py:78]: Closing
2026-01-21 00:05:33,013 [INFO] [MainThread] [root/log.py:69]: YASB v1.8.6
2026-01-21 00:05:33,013 [INFO] [Thread-1 (_run_server)] [cli_server/cli_server.py:212]: CLI server started v1.1.4
2026-01-21 00:05:33,013 [INFO] [MainThread] [cli_server/cli_server.py:104]: Log pipe server started
2026-01-21 00:05:33,368 [ERROR] [MainThread] [root/weather.py:60]: API key or location is missing. Please provide a valid API key and location.
2026-01-21 00:05:33,382 [INFO] [MainThread] [root/service.py:39]: AudioInputService starting...
2026-01-21 00:05:33,416 [INFO] [MainThread] [root/service.py:48]: AudioOutputService starting...
2026-01-21 00:05:33,617 [ERROR] [MainThread] [root/weather.py:60]: API key or location is missing. Please provide a valid API key and location.
2026-01-21 00:05:33,647 [INFO] [MainThread] [root/bar_manager.py:85]: Starting WindowsNotificationEventListener...
2026-01-21 00:05:33,647 [INFO] [MainThread] [root/bar_manager.py:85]: Starting KomorebiEventListener...
2026-01-21 00:05:33,647 [INFO] [MainThread] [root/bar_manager.py:85]: Starting SystemEventListener...
2026-01-21 00:05:33,648 [INFO] [MainThread] [root/watcher.py:54]: Created file watcher for path C:\Users\Martijn\.config\yasb
2026-01-21 00:05:33,658 [INFO] [Dummy-5] [root/event_listener.py:51]: Created named pipe yasb-8620f8c8-f654-11f0-9dfa-acf23c294540
2026-01-21 00:05:33,671 [INFO] [MainThread] [root/update_service.py:409]: Background update checker started
2026-01-21 00:05:33,671 [DEBUG] [MainThread] [qasync._windows._EventPoller/_windows.py:215]: Starting (proactor: <_IocpProactor overlapped#=0 result#=0>)...
2026-01-21 00:05:33,672 [DEBUG] [Dummy-8] [qasync._windows._EventWorker/_windows.py:195]: Thread started
2026-01-21 00:05:46,019 [INFO] [MainThread] [root/controller.py:15]: Reloading Application from tray...
2026-01-21 00:05:46,125 [INFO] [MainThread] [cli_server/cli_server.py:112]: Log pipe server stopped
2026-01-21 00:05:46,125 [DEBUG] [MainThread] [cli_server/cli_server.py:206]: CLI server stopped
2026-01-21 00:05:46,239 [INFO] [MainThread] [root/bar_manager.py:92]: Stopping WindowsNotificationEventListener...
2026-01-21 00:05:46,239 [INFO] [MainThread] [root/bar_manager.py:92]: Stopping KomorebiEventListener...
2026-01-21 00:05:46,239 [INFO] [MainThread] [root/bar_manager.py:92]: Stopping SystemEventListener...
2026-01-21 00:05:46,246 [DEBUG] [MainThread] [qasync._windows._EventPoller/_windows.py:220]: Stopping worker thread...
2026-01-21 00:05:46,249 [DEBUG] [Dummy-8] [qasync._windows._EventWorker/_windows.py:204]: Exiting thread
2026-01-21 00:05:46,253 [DEBUG] [MainThread] [qasync._windows._IocpProactor/_windows.py:78]: Closing
2026-01-21 00:05:46,358 [INFO] [MainThread] [root/log.py:69]: YASB v1.8.6
2026-01-21 00:05:46,359 [INFO] [Thread-1 (_run_server)] [cli_server/cli_server.py:212]: CLI server started v1.1.4
2026-01-21 00:05:46,359 [INFO] [MainThread] [cli_server/cli_server.py:104]: Log pipe server started
2026-01-21 00:05:46,732 [ERROR] [MainThread] [root/weather.py:60]: API key or location is missing. Please provide a valid API key and location.
2026-01-21 00:05:46,746 [INFO] [MainThread] [root/service.py:39]: AudioInputService starting...
2026-01-21 00:05:46,780 [INFO] [MainThread] [root/service.py:48]: AudioOutputService starting...
2026-01-21 00:05:46,990 [ERROR] [MainThread] [root/weather.py:60]: API key or location is missing. Please provide a valid API key and location.
2026-01-21 00:05:47,020 [INFO] [MainThread] [root/bar_manager.py:85]: Starting KomorebiEventListener...
2026-01-21 00:05:47,020 [INFO] [MainThread] [root/bar_manager.py:85]: Starting SystemEventListener...
2026-01-21 00:05:47,020 [INFO] [MainThread] [root/bar_manager.py:85]: Starting WindowsNotificationEventListener...
2026-01-21 00:05:47,020 [INFO] [MainThread] [root/watcher.py:54]: Created file watcher for path C:\Users\Martijn\.config\yasb
2026-01-21 00:05:47,031 [INFO] [Dummy-5] [root/event_listener.py:51]: Created named pipe yasb-8e197064-f654-11f0-ad97-acf23c294540
2026-01-21 00:05:47,043 [INFO] [MainThread] [root/update_service.py:409]: Background update checker started
2026-01-21 00:05:47,043 [DEBUG] [MainThread] [qasync._windows._EventPoller/_windows.py:215]: Starting (proactor: <_IocpProactor overlapped#=0 result#=0>)...
2026-01-21 00:05:47,044 [DEBUG] [Dummy-6] [qasync._windows._EventWorker/_windows.py:195]: Thread started
2026-01-21 00:06:14,069 [INFO] [MainThread] [root/controller.py:15]: Reloading Application from tray...
2026-01-21 00:06:14,183 [INFO] [MainThread] [cli_server/cli_server.py:112]: Log pipe server stopped
2026-01-21 00:06:14,183 [DEBUG] [MainThread] [cli_server/cli_server.py:206]: CLI server stopped
2026-01-21 00:06:14,424 [INFO] [MainThread] [root/log.py:69]: YASB v1.8.6
2026-01-21 00:06:14,424 [INFO] [Thread-1 (_run_server)] [cli_server/cli_server.py:212]: CLI server started v1.1.4
2026-01-21 00:06:14,424 [INFO] [MainThread] [cli_server/cli_server.py:104]: Log pipe server started
2026-01-21 00:06:14,424 [INFO] [MainThread] [root/main.py:45]: Waiting for previous YASB instance to exit...
2026-01-21 00:06:14,525 [INFO] [MainThread] [root/bar_manager.py:92]: Stopping KomorebiEventListener...
2026-01-21 00:06:14,525 [INFO] [MainThread] [root/bar_manager.py:92]: Stopping SystemEventListener...
2026-01-21 00:06:14,525 [INFO] [MainThread] [root/bar_manager.py:92]: Stopping WindowsNotificationEventListener...
2026-01-21 00:06:14,534 [DEBUG] [MainThread] [qasync._windows._EventPoller/_windows.py:220]: Stopping worker thread...
2026-01-21 00:06:14,541 [DEBUG] [Dummy-6] [qasync._windows._EventWorker/_windows.py:204]: Exiting thread
2026-01-21 00:06:14,546 [DEBUG] [MainThread] [qasync._windows._IocpProactor/_windows.py:78]: Closing
2026-01-21 00:06:14,675 [INFO] [MainThread] [root/main.py:71]: Previous instance exited, continuing startup.
2026-01-21 00:06:15,047 [ERROR] [MainThread] [root/weather.py:60]: API key or location is missing. Please provide a valid API key and location.
2026-01-21 00:06:15,060 [INFO] [MainThread] [root/service.py:39]: AudioInputService starting...
2026-01-21 00:06:15,092 [INFO] [MainThread] [root/service.py:48]: AudioOutputService starting...
2026-01-21 00:06:15,219 [ERROR] [MainThread] [root/weather.py:60]: API key or location is missing. Please provide a valid API key and location.
2026-01-21 00:06:15,246 [INFO] [MainThread] [root/bar_manager.py:85]: Starting WindowsNotificationEventListener...
2026-01-21 00:06:15,247 [INFO] [MainThread] [root/bar_manager.py:85]: Starting SystemEventListener...
2026-01-21 00:06:15,247 [INFO] [MainThread] [root/bar_manager.py:85]: Starting KomorebiEventListener...
2026-01-21 00:06:15,247 [INFO] [MainThread] [root/watcher.py:54]: Created file watcher for path C:\Users\Martijn\.config\yasb
2026-01-21 00:06:15,259 [INFO] [Dummy-5] [root/event_listener.py:51]: Created named pipe yasb-9eec9752-f654-11f0-926b-acf23c294540
2026-01-21 00:06:15,271 [INFO] [MainThread] [root/update_service.py:409]: Background update checker started
2026-01-21 00:06:15,271 [DEBUG] [MainThread] [qasync._windows._EventPoller/_windows.py:215]: Starting (proactor: <_IocpProactor overlapped#=0 result#=0>)...
2026-01-21 00:06:15,272 [DEBUG] [Dummy-8] [qasync._windows._EventWorker/_windows.py:195]: Thread started
2026-01-21 00:10:35,334 [INFO] [MainThread] [root/controller.py:35]: Exiting Application from context menu...
2026-01-21 00:10:35,448 [INFO] [MainThread] [cli_server/cli_server.py:112]: Log pipe server stopped
2026-01-21 00:10:35,448 [DEBUG] [MainThread] [cli_server/cli_server.py:206]: CLI server stopped
2026-01-21 00:10:35,757 [INFO] [MainThread] [root/bar_manager.py:92]: Stopping WindowsNotificationEventListener...
2026-01-21 00:10:35,757 [INFO] [MainThread] [root/bar_manager.py:92]: Stopping SystemEventListener...
2026-01-21 00:10:35,757 [INFO] [MainThread] [root/bar_manager.py:92]: Stopping KomorebiEventListener...
2026-01-21 00:10:35,764 [DEBUG] [MainThread] [qasync._windows._EventPoller/_windows.py:220]: Stopping worker thread...
2026-01-21 00:10:35,774 [DEBUG] [Dummy-8] [qasync._windows._EventWorker/_windows.py:204]: Exiting thread
2026-01-21 00:10:35,778 [DEBUG] [MainThread] [qasync._windows._IocpProactor/_windows.py:78]: Closing
2026-01-21 15:19:33,571 [INFO] [MainThread] [root/log.py:69]: YASB v1.8.6
2026-01-21 15:19:33,571 [INFO] [Thread-1 (_run_server)] [cli_server/cli_server.py:212]: CLI server started v1.1.4
2026-01-21 15:19:33,572 [INFO] [MainThread] [cli_server/cli_server.py:104]: Log pipe server started
2026-01-21 15:19:34,163 [ERROR] [MainThread] [root/weather.py:60]: API key or location is missing. Please provide a valid API key and location.
2026-01-21 15:19:34,177 [INFO] [MainThread] [root/service.py:39]: AudioInputService starting...
2026-01-21 15:19:34,213 [INFO] [MainThread] [root/service.py:48]: AudioOutputService starting...
2026-01-21 15:19:34,342 [ERROR] [MainThread] [root/weather.py:60]: API key or location is missing. Please provide a valid API key and location.
2026-01-21 15:19:34,522 [INFO] [MainThread] [root/bar_manager.py:85]: Starting KomorebiEventListener...
2026-01-21 15:19:34,522 [INFO] [MainThread] [root/bar_manager.py:85]: Starting WindowsNotificationEventListener...
2026-01-21 15:19:34,523 [INFO] [MainThread] [root/bar_manager.py:85]: Starting SystemEventListener...
2026-01-21 15:19:34,523 [INFO] [MainThread] [root/watcher.py:54]: Created file watcher for path C:\Users\Martijn\.config\yasb
2026-01-21 15:19:34,524 [INFO] [Dummy-5] [root/event_listener.py:51]: Created named pipe yasb-35d654db-f6d4-11f0-b933-acf23c294540
2026-01-21 15:19:34,557 [INFO] [MainThread] [root/update_service.py:409]: Background update checker started
2026-01-21 15:19:34,557 [DEBUG] [MainThread] [qasync._windows._EventPoller/_windows.py:215]: Starting (proactor: <_IocpProactor overlapped#=0 result#=0>)...
2026-01-21 15:19:34,558 [DEBUG] [Dummy-8] [qasync._windows._EventWorker/_windows.py:195]: Thread started
2026-01-21 15:28:47,727 [INFO] [MainThread] [root/controller.py:15]: Reloading Application because of config change.
2026-01-21 15:28:47,829 [INFO] [MainThread] [cli_server/cli_server.py:112]: Log pipe server stopped
2026-01-21 15:28:47,829 [DEBUG] [MainThread] [cli_server/cli_server.py:206]: CLI server stopped
2026-01-21 15:28:47,833 [INFO] [MainThread] [root/bar_manager.py:76]: Successfully loaded updated config and re-initialised all bars.
2026-01-21 15:28:48,054 [INFO] [MainThread] [root/log.py:69]: YASB v1.8.6
2026-01-21 15:28:48,055 [INFO] [Thread-1 (_run_server)] [cli_server/cli_server.py:212]: CLI server started v1.1.4
2026-01-21 15:28:48,055 [INFO] [MainThread] [cli_server/cli_server.py:104]: Log pipe server started
2026-01-21 15:28:48,055 [INFO] [MainThread] [root/main.py:45]: Waiting for previous YASB instance to exit...
2026-01-21 15:28:48,132 [INFO] [MainThread] [root/bar_manager.py:92]: Stopping KomorebiEventListener...
2026-01-21 15:28:48,132 [INFO] [MainThread] [root/bar_manager.py:92]: Stopping WindowsNotificationEventListener...
2026-01-21 15:28:48,132 [INFO] [MainThread] [root/bar_manager.py:92]: Stopping SystemEventListener...
2026-01-21 15:28:48,141 [DEBUG] [MainThread] [qasync._windows._EventPoller/_windows.py:220]: Stopping worker thread...
2026-01-21 15:28:48,141 [DEBUG] [Dummy-8] [qasync._windows._EventWorker/_windows.py:204]: Exiting thread
2026-01-21 15:28:48,144 [DEBUG] [MainThread] [qasync._windows._IocpProactor/_windows.py:78]: Closing
2026-01-21 15:28:48,306 [INFO] [MainThread] [root/main.py:71]: Previous instance exited, continuing startup.
2026-01-21 15:28:48,673 [ERROR] [MainThread] [root/weather.py:60]: API key or location is missing. Please provide a valid API key and location.
2026-01-21 15:28:48,687 [INFO] [MainThread] [root/service.py:39]: AudioInputService starting...
2026-01-21 15:28:48,721 [INFO] [MainThread] [root/service.py:48]: AudioOutputService starting...
2026-01-21 15:28:48,833 [ERROR] [MainThread] [root/weather.py:60]: API key or location is missing. Please provide a valid API key and location.
2026-01-21 15:28:48,854 [INFO] [MainThread] [root/bar_manager.py:85]: Starting WindowsNotificationEventListener...
2026-01-21 15:28:48,854 [INFO] [MainThread] [root/bar_manager.py:85]: Starting KomorebiEventListener...
2026-01-21 15:28:48,854 [INFO] [MainThread] [root/bar_manager.py:85]: Starting SystemEventListener...
2026-01-21 15:28:48,855 [INFO] [MainThread] [root/watcher.py:54]: Created file watcher for path C:\Users\Martijn\.config\yasb
2026-01-21 15:28:48,865 [INFO] [Dummy-5] [root/event_listener.py:51]: Created named pipe yasb-803ec0ed-f6d5-11f0-9b19-acf23c294540
2026-01-21 15:28:48,877 [INFO] [MainThread] [root/update_service.py:409]: Background update checker started
2026-01-21 15:28:48,877 [DEBUG] [MainThread] [qasync._windows._EventPoller/_windows.py:215]: Starting (proactor: <_IocpProactor overlapped#=0 result#=0>)...
2026-01-21 15:28:48,878 [DEBUG] [Dummy-8] [qasync._windows._EventWorker/_windows.py:195]: Thread started
2026-01-21 15:31:06,587 [INFO] [MainThread] [root/controller.py:15]: Reloading Application from tray...
2026-01-21 15:31:06,688 [INFO] [MainThread] [cli_server/cli_server.py:112]: Log pipe server stopped
2026-01-21 15:31:06,688 [DEBUG] [MainThread] [cli_server/cli_server.py:206]: CLI server stopped
2026-01-21 15:31:06,914 [INFO] [MainThread] [root/log.py:69]: YASB v1.8.6
2026-01-21 15:31:06,914 [INFO] [Thread-1 (_run_server)] [cli_server/cli_server.py:212]: CLI server started v1.1.4
2026-01-21 15:31:06,914 [INFO] [MainThread] [cli_server/cli_server.py:104]: Log pipe server started
2026-01-21 15:31:06,915 [INFO] [MainThread] [root/main.py:45]: Waiting for previous YASB instance to exit...
2026-01-21 15:31:06,996 [INFO] [MainThread] [root/bar_manager.py:92]: Stopping WindowsNotificationEventListener...
2026-01-21 15:31:06,997 [INFO] [MainThread] [root/bar_manager.py:92]: Stopping KomorebiEventListener...
2026-01-21 15:31:06,997 [INFO] [MainThread] [root/bar_manager.py:92]: Stopping SystemEventListener...
2026-01-21 15:31:07,001 [DEBUG] [MainThread] [qasync._windows._EventPoller/_windows.py:220]: Stopping worker thread...
2026-01-21 15:31:07,003 [DEBUG] [Dummy-8] [qasync._windows._EventWorker/_windows.py:204]: Exiting thread
2026-01-21 15:31:07,006 [DEBUG] [MainThread] [qasync._windows._IocpProactor/_windows.py:78]: Closing
2026-01-21 15:31:07,165 [INFO] [MainThread] [root/main.py:71]: Previous instance exited, continuing startup.
2026-01-21 15:31:07,531 [ERROR] [MainThread] [root/weather.py:60]: API key or location is missing. Please provide a valid API key and location.
2026-01-21 15:31:07,544 [INFO] [MainThread] [root/service.py:39]: AudioInputService starting...
2026-01-21 15:31:07,577 [INFO] [MainThread] [root/service.py:48]: AudioOutputService starting...
2026-01-21 15:31:07,693 [ERROR] [MainThread] [root/weather.py:60]: API key or location is missing. Please provide a valid API key and location.
2026-01-21 15:31:07,715 [INFO] [MainThread] [root/bar_manager.py:85]: Starting WindowsNotificationEventListener...
2026-01-21 15:31:07,716 [INFO] [MainThread] [root/bar_manager.py:85]: Starting KomorebiEventListener...
2026-01-21 15:31:07,716 [INFO] [MainThread] [root/bar_manager.py:85]: Starting SystemEventListener...
2026-01-21 15:31:07,716 [INFO] [MainThread] [root/watcher.py:54]: Created file watcher for path C:\Users\Martijn\.config\yasb
2026-01-21 15:31:07,726 [INFO] [Dummy-5] [root/event_listener.py:51]: Created named pipe yasb-d3035dc1-f6d5-11f0-8302-acf23c294540
2026-01-21 15:31:07,740 [INFO] [MainThread] [root/update_service.py:409]: Background update checker started
2026-01-21 15:31:07,740 [DEBUG] [MainThread] [qasync._windows._EventPoller/_windows.py:215]: Starting (proactor: <_IocpProactor overlapped#=0 result#=0>)...
2026-01-21 15:31:07,741 [DEBUG] [Dummy-8] [qasync._windows._EventWorker/_windows.py:195]: Thread started
2026-01-21 15:33:04,647 [INFO] [MainThread] [root/controller.py:35]: Exiting Application from context menu...
2026-01-21 15:33:04,752 [INFO] [MainThread] [cli_server/cli_server.py:112]: Log pipe server stopped
2026-01-21 15:33:04,752 [DEBUG] [MainThread] [cli_server/cli_server.py:206]: CLI server stopped
2026-01-21 15:33:05,046 [INFO] [MainThread] [root/bar_manager.py:92]: Stopping WindowsNotificationEventListener...
2026-01-21 15:33:05,046 [INFO] [MainThread] [root/bar_manager.py:92]: Stopping KomorebiEventListener...
2026-01-21 15:33:05,046 [INFO] [MainThread] [root/bar_manager.py:92]: Stopping SystemEventListener...
2026-01-21 15:33:05,051 [DEBUG] [MainThread] [qasync._windows._EventPoller/_windows.py:220]: Stopping worker thread...
2026-01-21 15:33:05,063 [DEBUG] [Dummy-8] [qasync._windows._EventWorker/_windows.py:204]: Exiting thread
2026-01-21 15:33:05,066 [DEBUG] [MainThread] [qasync._windows._IocpProactor/_windows.py:78]: Closing
2026-01-21 22:32:49,601 [INFO] [MainThread] [root/log.py:69]: YASB v1.8.6
2026-01-21 22:32:49,602 [INFO] [Thread-1 (_run_server)] [cli_server/cli_server.py:212]: CLI server started v1.1.4
2026-01-21 22:32:49,602 [INFO] [MainThread] [cli_server/cli_server.py:104]: Log pipe server started
2026-01-21 22:32:49,630 [ERROR] [MainThread] [root/config.py:115]: The config file 'C:\Users\Martijn\.config\yasb\config.yaml' contains validation errors. Please fix:
glazewm_workspaces:
- unknown field

2026-01-21 22:32:49,630 [ERROR] [MainThread] [root/config.py:168]: User config file could not be loaded. Exiting Application.
2026-01-21 22:33:03,463 [INFO] [MainThread] [root/log.py:69]: YASB v1.8.6
2026-01-21 22:33:03,463 [INFO] [Thread-1 (_run_server)] [cli_server/cli_server.py:212]: CLI server started v1.1.4
2026-01-21 22:33:03,463 [INFO] [MainThread] [cli_server/cli_server.py:104]: Log pipe server started
2026-01-21 22:33:03,489 [ERROR] [MainThread] [root/config.py:115]: The config file 'C:\Users\Martijn\.config\yasb\config.yaml' contains validation errors. Please fix:
glazewm_workspaces:
- unknown field

2026-01-21 22:33:03,490 [ERROR] [MainThread] [root/config.py:168]: User config file could not be loaded. Exiting Application.
2026-01-21 22:33:30,093 [INFO] [MainThread] [root/log.py:69]: YASB v1.8.6
2026-01-21 22:33:30,093 [INFO] [Thread-1 (_run_server)] [cli_server/cli_server.py:212]: CLI server started v1.1.4
2026-01-21 22:33:30,094 [INFO] [MainThread] [cli_server/cli_server.py:104]: Log pipe server started
2026-01-21 22:33:30,644 [ERROR] [MainThread] [root/weather.py:60]: API key or location is missing. Please provide a valid API key and location.
2026-01-21 22:33:30,657 [INFO] [MainThread] [root/service.py:39]: AudioInputService starting...
2026-01-21 22:33:30,690 [INFO] [MainThread] [root/service.py:48]: AudioOutputService starting...
2026-01-21 22:33:30,850 [ERROR] [MainThread] [root/weather.py:60]: API key or location is missing. Please provide a valid API key and location.
2026-01-21 22:33:31,016 [INFO] [MainThread] [root/bar_manager.py:85]: Starting SystemEventListener...
2026-01-21 22:33:31,016 [INFO] [MainThread] [root/bar_manager.py:85]: Starting WindowsNotificationEventListener...
2026-01-21 22:33:31,016 [INFO] [MainThread] [root/bar_manager.py:85]: Starting KomorebiEventListener...
2026-01-21 22:33:31,017 [INFO] [MainThread] [root/watcher.py:54]: Created file watcher for path C:\Users\Martijn\.config\yasb
2026-01-21 22:33:31,018 [INFO] [Dummy-5] [root/event_listener.py:51]: Created named pipe yasb-d4cc2038-f710-11f0-b1ae-acf23c294540
2026-01-21 22:33:31,042 [INFO] [MainThread] [root/update_service.py:409]: Background update checker started
2026-01-21 22:33:31,042 [DEBUG] [MainThread] [qasync._windows._EventPoller/_windows.py:215]: Starting (proactor: <_IocpProactor overlapped#=0 result#=0>)...
2026-01-21 22:33:31,043 [DEBUG] [Dummy-8] [qasync._windows._EventWorker/_windows.py:195]: Thread started
2026-01-21 22:40:27,545 [INFO] [MainThread] [root/controller.py:15]: Reloading Application because of config change.
2026-01-21 22:40:27,660 [INFO] [MainThread] [cli_server/cli_server.py:112]: Log pipe server stopped
2026-01-21 22:40:27,661 [DEBUG] [MainThread] [cli_server/cli_server.py:206]: CLI server stopped
2026-01-21 22:40:27,664 [INFO] [MainThread] [root/bar_manager.py:76]: Successfully loaded updated config and re-initialised all bars.
2026-01-21 22:40:27,890 [INFO] [MainThread] [root/log.py:69]: YASB v1.8.6
2026-01-21 22:40:27,890 [INFO] [Thread-1 (_run_server)] [cli_server/cli_server.py:212]: CLI server started v1.1.4
2026-01-21 22:40:27,890 [INFO] [MainThread] [cli_server/cli_server.py:104]: Log pipe server started
2026-01-21 22:40:27,890 [INFO] [MainThread] [root/main.py:45]: Waiting for previous YASB instance to exit...
2026-01-21 22:40:27,991 [INFO] [MainThread] [root/bar_manager.py:92]: Stopping SystemEventListener...
2026-01-21 22:40:27,991 [INFO] [MainThread] [root/bar_manager.py:92]: Stopping WindowsNotificationEventListener...
2026-01-21 22:40:27,991 [INFO] [MainThread] [root/bar_manager.py:92]: Stopping KomorebiEventListener...
2026-01-21 22:40:27,998 [DEBUG] [MainThread] [qasync._windows._EventPoller/_windows.py:220]: Stopping worker thread...
2026-01-21 22:40:28,004 [DEBUG] [Dummy-8] [qasync._windows._EventWorker/_windows.py:204]: Exiting thread
2026-01-21 22:40:28,009 [DEBUG] [MainThread] [qasync._windows._IocpProactor/_windows.py:78]: Closing
2026-01-21 22:40:28,141 [INFO] [MainThread] [root/main.py:71]: Previous instance exited, continuing startup.
2026-01-21 22:40:28,518 [ERROR] [MainThread] [root/weather.py:60]: API key or location is missing. Please provide a valid API key and location.
2026-01-21 22:40:28,532 [INFO] [MainThread] [root/service.py:39]: AudioInputService starting...
2026-01-21 22:40:28,564 [INFO] [MainThread] [root/service.py:48]: AudioOutputService starting...
2026-01-21 22:40:28,683 [ERROR] [MainThread] [root/weather.py:60]: API key or location is missing. Please provide a valid API key and location.
2026-01-21 22:40:28,710 [INFO] [MainThread] [root/bar_manager.py:85]: Starting KomorebiEventListener...
2026-01-21 22:40:28,710 [INFO] [MainThread] [root/bar_manager.py:85]: Starting SystemEventListener...
2026-01-21 22:40:28,710 [INFO] [MainThread] [root/bar_manager.py:85]: Starting WindowsNotificationEventListener...
2026-01-21 22:40:28,711 [INFO] [MainThread] [root/watcher.py:54]: Created file watcher for path C:\Users\Martijn\.config\yasb
2026-01-21 22:40:28,712 [INFO] [Dummy-5] [root/event_listener.py:51]: Created named pipe yasb-cdc324ce-f711-11f0-902a-acf23c294540
2026-01-21 22:40:28,733 [INFO] [MainThread] [root/update_service.py:409]: Background update checker started
2026-01-21 22:40:28,733 [DEBUG] [MainThread] [qasync._windows._EventPoller/_windows.py:215]: Starting (proactor: <_IocpProactor overlapped#=0 result#=0>)...
2026-01-21 22:40:28,734 [DEBUG] [Dummy-8] [qasync._windows._EventWorker/_windows.py:195]: Thread started
2026-01-21 22:43:20,317 [INFO] [MainThread] [root/controller.py:15]: Reloading Application because of config change.
2026-01-21 22:43:20,428 [INFO] [MainThread] [cli_server/cli_server.py:112]: Log pipe server stopped
2026-01-21 22:43:20,428 [DEBUG] [MainThread] [cli_server/cli_server.py:206]: CLI server stopped
2026-01-21 22:43:20,432 [INFO] [MainThread] [root/bar_manager.py:76]: Successfully loaded updated config and re-initialised all bars.
2026-01-21 22:43:20,650 [INFO] [MainThread] [root/log.py:69]: YASB v1.8.6
2026-01-21 22:43:20,650 [INFO] [Thread-1 (_run_server)] [cli_server/cli_server.py:212]: CLI server started v1.1.4
2026-01-21 22:43:20,651 [INFO] [MainThread] [cli_server/cli_server.py:104]: Log pipe server started
2026-01-21 22:43:20,651 [INFO] [MainThread] [root/main.py:45]: Waiting for previous YASB instance to exit...
2026-01-21 22:43:20,734 [INFO] [MainThread] [root/bar_manager.py:92]: Stopping KomorebiEventListener...
2026-01-21 22:43:20,734 [INFO] [MainThread] [root/bar_manager.py:92]: Stopping SystemEventListener...
2026-01-21 22:43:20,734 [INFO] [MainThread] [root/bar_manager.py:92]: Stopping WindowsNotificationEventListener...
2026-01-21 22:43:20,742 [DEBUG] [MainThread] [qasync._windows._EventPoller/_windows.py:220]: Stopping worker thread...
2026-01-21 22:43:20,755 [DEBUG] [Dummy-8] [qasync._windows._EventWorker/_windows.py:204]: Exiting thread
2026-01-21 22:43:20,759 [DEBUG] [MainThread] [qasync._windows._IocpProactor/_windows.py:78]: Closing
2026-01-21 22:43:20,901 [INFO] [MainThread] [root/main.py:71]: Previous instance exited, continuing startup.
2026-01-21 22:43:20,952 [WARNING] [MainThread] [root/widget_builder.py:40]: No widget config could be found for widget 'glazewm
2026-01-21 22:43:21,263 [ERROR] [MainThread] [root/weather.py:60]: API key or location is missing. Please provide a valid API key and location.
2026-01-21 22:43:21,275 [INFO] [MainThread] [root/service.py:39]: AudioInputService starting...
2026-01-21 22:43:21,309 [INFO] [MainThread] [root/service.py:48]: AudioOutputService starting...
2026-01-21 22:43:21,397 [WARNING] [MainThread] [root/widget_builder.py:37]: Ignoring construction of invalid widget 'glazewm'
2026-01-21 22:43:21,427 [ERROR] [MainThread] [root/weather.py:60]: API key or location is missing. Please provide a valid API key and location.
2026-01-21 22:43:21,456 [INFO] [MainThread] [root/bar_manager.py:85]: Starting KomorebiEventListener...
2026-01-21 22:43:21,456 [INFO] [MainThread] [root/bar_manager.py:85]: Starting SystemEventListener...
2026-01-21 22:43:21,456 [INFO] [MainThread] [root/bar_manager.py:85]: Starting WindowsNotificationEventListener...
2026-01-21 22:43:21,457 [ERROR] [MainThread] [root/widget_builder.py:86]: Failed to add undefined widget(s)  - The widget "glazewm" is undefined.
2026-01-21 22:43:21,459 [INFO] [Dummy-3] [root/event_listener.py:51]: Created named pipe yasb-34ba0863-f712-11f0-9d94-acf23c294540
2026-01-21 22:43:21,478 [INFO] [MainThread] [root/watcher.py:54]: Created file watcher for path C:\Users\Martijn\.config\yasb
2026-01-21 22:43:21,498 [INFO] [MainThread] [root/update_service.py:409]: Background update checker started
2026-01-21 22:43:21,498 [DEBUG] [MainThread] [qasync._windows._EventPoller/_windows.py:215]: Starting (proactor: <_IocpProactor overlapped#=0 result#=0>)...
2026-01-21 22:43:21,499 [DEBUG] [Dummy-8] [qasync._windows._EventWorker/_windows.py:195]: Thread started
2026-01-21 22:43:29,694 [INFO] [MainThread] [root/controller.py:15]: Reloading Application because of config change.
2026-01-21 22:43:29,807 [INFO] [MainThread] [cli_server/cli_server.py:112]: Log pipe server stopped
2026-01-21 22:43:29,807 [DEBUG] [MainThread] [cli_server/cli_server.py:206]: CLI server stopped
2026-01-21 22:43:29,809 [INFO] [MainThread] [root/bar_manager.py:76]: Successfully loaded updated config and re-initialised all bars.
2026-01-21 22:43:30,023 [INFO] [MainThread] [root/log.py:69]: YASB v1.8.6
2026-01-21 22:43:30,024 [INFO] [Thread-1 (_run_server)] [cli_server/cli_server.py:212]: CLI server started v1.1.4
2026-01-21 22:43:30,024 [INFO] [MainThread] [cli_server/cli_server.py:104]: Log pipe server started
2026-01-21 22:43:30,024 [INFO] [MainThread] [root/main.py:45]: Waiting for previous YASB instance to exit...
2026-01-21 22:43:30,115 [INFO] [MainThread] [root/bar_manager.py:92]: Stopping KomorebiEventListener...
2026-01-21 22:43:30,115 [INFO] [MainThread] [root/bar_manager.py:92]: Stopping SystemEventListener...
2026-01-21 22:43:30,115 [INFO] [MainThread] [root/bar_manager.py:92]: Stopping WindowsNotificationEventListener...
2026-01-21 22:43:30,123 [DEBUG] [MainThread] [qasync._windows._EventPoller/_windows.py:220]: Stopping worker thread...
2026-01-21 22:43:30,134 [DEBUG] [Dummy-8] [qasync._windows._EventWorker/_windows.py:204]: Exiting thread
2026-01-21 22:43:30,137 [DEBUG] [MainThread] [qasync._windows._IocpProactor/_windows.py:78]: Closing
2026-01-21 22:43:30,274 [INFO] [MainThread] [root/main.py:71]: Previous instance exited, continuing startup.
2026-01-21 22:43:30,325 [WARNING] [MainThread] [root/widget_builder.py:40]: No widget config could be found for widget 'glazewm
2026-01-21 22:43:30,636 [ERROR] [MainThread] [root/weather.py:60]: API key or location is missing. Please provide a valid API key and location.
2026-01-21 22:43:30,648 [INFO] [MainThread] [root/service.py:39]: AudioInputService starting...
2026-01-21 22:43:30,682 [INFO] [MainThread] [root/service.py:48]: AudioOutputService starting...
2026-01-21 22:43:30,770 [WARNING] [MainThread] [root/widget_builder.py:37]: Ignoring construction of invalid widget 'glazewm'
2026-01-21 22:43:30,799 [ERROR] [MainThread] [root/weather.py:60]: API key or location is missing. Please provide a valid API key and location.
2026-01-21 22:43:30,829 [INFO] [MainThread] [root/bar_manager.py:85]: Starting KomorebiEventListener...
2026-01-21 22:43:30,829 [INFO] [MainThread] [root/bar_manager.py:85]: Starting WindowsNotificationEventListener...
2026-01-21 22:43:30,830 [INFO] [MainThread] [root/bar_manager.py:85]: Starting SystemEventListener...
2026-01-21 22:43:30,830 [ERROR] [MainThread] [root/widget_builder.py:86]: Failed to add undefined widget(s)  - The widget "glazewm" is undefined.
2026-01-21 22:43:30,831 [INFO] [Dummy-3] [root/event_listener.py:51]: Created named pipe yasb-3a504862-f712-11f0-884f-acf23c294540
2026-01-21 22:43:30,843 [INFO] [MainThread] [root/watcher.py:54]: Created file watcher for path C:\Users\Martijn\.config\yasb
2026-01-21 22:43:30,865 [INFO] [MainThread] [root/update_service.py:409]: Background update checker started
2026-01-21 22:43:30,865 [DEBUG] [MainThread] [qasync._windows._EventPoller/_windows.py:215]: Starting (proactor: <_IocpProactor overlapped#=0 result#=0>)...
2026-01-21 22:43:30,866 [DEBUG] [Dummy-8] [qasync._windows._EventWorker/_windows.py:195]: Thread started
2026-01-21 22:44:03,285 [INFO] [MainThread] [root/controller.py:15]: Reloading Application because of config change.
2026-01-21 22:44:03,396 [INFO] [MainThread] [cli_server/cli_server.py:112]: Log pipe server stopped
2026-01-21 22:44:03,397 [DEBUG] [MainThread] [cli_server/cli_server.py:206]: CLI server stopped
2026-01-21 22:44:03,400 [INFO] [MainThread] [root/bar_manager.py:76]: Successfully loaded updated config and re-initialised all bars.
2026-01-21 22:44:03,615 [INFO] [MainThread] [root/log.py:69]: YASB v1.8.6
2026-01-21 22:44:03,615 [INFO] [Thread-1 (_run_server)] [cli_server/cli_server.py:212]: CLI server started v1.1.4
2026-01-21 22:44:03,615 [INFO] [MainThread] [cli_server/cli_server.py:104]: Log pipe server started
2026-01-21 22:44:03,615 [INFO] [MainThread] [root/main.py:45]: Waiting for previous YASB instance to exit...
2026-01-21 22:44:03,734 [INFO] [MainThread] [root/bar_manager.py:92]: Stopping KomorebiEventListener...
2026-01-21 22:44:03,735 [INFO] [MainThread] [root/bar_manager.py:92]: Stopping WindowsNotificationEventListener...
2026-01-21 22:44:03,735 [INFO] [MainThread] [root/bar_manager.py:92]: Stopping SystemEventListener...
2026-01-21 22:44:03,742 [DEBUG] [MainThread] [qasync._windows._EventPoller/_windows.py:220]: Stopping worker thread...
2026-01-21 22:44:03,754 [DEBUG] [Dummy-8] [qasync._windows._EventWorker/_windows.py:204]: Exiting thread
2026-01-21 22:44:03,758 [DEBUG] [MainThread] [qasync._windows._IocpProactor/_windows.py:78]: Closing
2026-01-21 22:44:03,866 [INFO] [MainThread] [root/main.py:71]: Previous instance exited, continuing startup.
2026-01-21 22:44:04,228 [ERROR] [MainThread] [root/weather.py:60]: API key or location is missing. Please provide a valid API key and location.
2026-01-21 22:44:04,242 [INFO] [MainThread] [root/service.py:39]: AudioInputService starting...
2026-01-21 22:44:04,274 [INFO] [MainThread] [root/service.py:48]: AudioOutputService starting...
2026-01-21 22:44:04,391 [ERROR] [MainThread] [root/weather.py:60]: API key or location is missing. Please provide a valid API key and location.
2026-01-21 22:44:04,421 [INFO] [MainThread] [root/bar_manager.py:85]: Starting KomorebiEventListener...
2026-01-21 22:44:04,422 [INFO] [MainThread] [root/bar_manager.py:85]: Starting SystemEventListener...
2026-01-21 22:44:04,422 [INFO] [MainThread] [root/bar_manager.py:85]: Starting WindowsNotificationEventListener...
2026-01-21 22:44:04,422 [INFO] [MainThread] [root/watcher.py:54]: Created file watcher for path C:\Users\Martijn\.config\yasb
2026-01-21 22:44:04,423 [INFO] [Dummy-5] [root/event_listener.py:51]: Created named pipe yasb-4e560c76-f712-11f0-b969-acf23c294540
2026-01-21 22:44:04,445 [INFO] [MainThread] [root/update_service.py:409]: Background update checker started
2026-01-21 22:44:04,446 [DEBUG] [MainThread] [qasync._windows._EventPoller/_windows.py:215]: Starting (proactor: <_IocpProactor overlapped#=0 result#=0>)...
2026-01-21 22:44:04,446 [DEBUG] [Dummy-6] [qasync._windows._EventWorker/_windows.py:195]: Thread started
2026-01-21 22:45:27,006 [INFO] [MainThread] [root/controller.py:15]: Reloading Application because of config change.
2026-01-21 22:45:27,110 [INFO] [MainThread] [cli_server/cli_server.py:112]: Log pipe server stopped
2026-01-21 22:45:27,110 [DEBUG] [MainThread] [cli_server/cli_server.py:206]: CLI server stopped
2026-01-21 22:45:27,113 [INFO] [MainThread] [root/bar_manager.py:76]: Successfully loaded updated config and re-initialised all bars.
2026-01-21 22:45:27,339 [INFO] [MainThread] [root/log.py:69]: YASB v1.8.6
2026-01-21 22:45:27,339 [INFO] [Thread-1 (_run_server)] [cli_server/cli_server.py:212]: CLI server started v1.1.4
2026-01-21 22:45:27,339 [INFO] [MainThread] [cli_server/cli_server.py:104]: Log pipe server started
2026-01-21 22:45:27,339 [INFO] [MainThread] [root/main.py:45]: Waiting for previous YASB instance to exit...
2026-01-21 22:45:27,398 [INFO] [MainThread] [root/bar_manager.py:92]: Stopping KomorebiEventListener...
2026-01-21 22:45:27,398 [INFO] [MainThread] [root/bar_manager.py:92]: Stopping SystemEventListener...
2026-01-21 22:45:27,398 [INFO] [MainThread] [root/bar_manager.py:92]: Stopping WindowsNotificationEventListener...
2026-01-21 22:45:27,404 [DEBUG] [MainThread] [qasync._windows._EventPoller/_windows.py:220]: Stopping worker thread...
2026-01-21 22:45:27,405 [DEBUG] [Dummy-6] [qasync._windows._EventWorker/_windows.py:204]: Exiting thread
2026-01-21 22:45:27,408 [DEBUG] [MainThread] [qasync._windows._IocpProactor/_windows.py:78]: Closing
2026-01-21 22:45:27,590 [INFO] [MainThread] [root/main.py:71]: Previous instance exited, continuing startup.
2026-01-21 22:45:27,620 [WARNING] [MainThread] [root/widget_builder.py:40]: No widget config could be found for widget 'home
2026-01-21 22:45:27,620 [WARNING] [MainThread] [root/widget_builder.py:40]: No widget config could be found for widget 'komorebi_workspaces
2026-01-21 22:45:27,620 [WARNING] [MainThread] [root/widget_builder.py:40]: No widget config could be found for widget 'komorebi_active_layout
2026-01-21 22:45:27,620 [WARNING] [MainThread] [root/widget_builder.py:40]: No widget config could be found for widget 'active_window
2026-01-21 22:45:27,620 [WARNING] [MainThread] [root/widget_builder.py:40]: No widget config could be found for widget 'clock
2026-01-21 22:45:27,620 [WARNING] [MainThread] [root/widget_builder.py:40]: No widget config could be found for widget 'media
2026-01-21 22:45:27,620 [WARNING] [MainThread] [root/widget_builder.py:40]: No widget config could be found for widget 'weather
2026-01-21 22:45:27,620 [WARNING] [MainThread] [root/widget_builder.py:40]: No widget config could be found for widget 'microphone
2026-01-21 22:45:27,620 [WARNING] [MainThread] [root/widget_builder.py:40]: No widget config could be found for widget 'volume
2026-01-21 22:45:27,620 [WARNING] [MainThread] [root/widget_builder.py:40]: No widget config could be found for widget 'notifications
2026-01-21 22:45:27,621 [WARNING] [MainThread] [root/widget_builder.py:40]: No widget config could be found for widget 'power_menu
2026-01-21 22:45:27,643 [WARNING] [MainThread] [root/widget_builder.py:37]: Ignoring construction of invalid widget 'home'
2026-01-21 22:45:27,643 [WARNING] [MainThread] [root/widget_builder.py:37]: Ignoring construction of invalid widget 'komorebi_workspaces'
2026-01-21 22:45:27,643 [WARNING] [MainThread] [root/widget_builder.py:37]: Ignoring construction of invalid widget 'komorebi_active_layout'
2026-01-21 22:45:27,643 [WARNING] [MainThread] [root/widget_builder.py:37]: Ignoring construction of invalid widget 'active_window'
2026-01-21 22:45:27,643 [WARNING] [MainThread] [root/widget_builder.py:37]: Ignoring construction of invalid widget 'clock'
2026-01-21 22:45:27,643 [WARNING] [MainThread] [root/widget_builder.py:37]: Ignoring construction of invalid widget 'media'
2026-01-21 22:45:27,643 [WARNING] [MainThread] [root/widget_builder.py:37]: Ignoring construction of invalid widget 'weather'
2026-01-21 22:45:27,643 [WARNING] [MainThread] [root/widget_builder.py:37]: Ignoring construction of invalid widget 'microphone'
2026-01-21 22:45:27,643 [WARNING] [MainThread] [root/widget_builder.py:37]: Ignoring construction of invalid widget 'volume'
2026-01-21 22:45:27,643 [WARNING] [MainThread] [root/widget_builder.py:37]: Ignoring construction of invalid widget 'notifications'
2026-01-21 22:45:27,643 [WARNING] [MainThread] [root/widget_builder.py:37]: Ignoring construction of invalid widget 'power_menu'
2026-01-21 22:45:27,650 [ERROR] [MainThread] [root/widget_builder.py:86]: Failed to add undefined widget(s)  - The widget "clock" is undefined.
 - The widget "weather" is undefined.
 - The widget "komorebi_workspaces" is undefined.
 - The widget "notifications" is undefined.
 - The widget "volume" is undefined.
 - The widget "media" is undefined.
 - The widget "active_window" is undefined.
 - The widget "power_menu" is undefined.
 - The widget "komorebi_active_layout" is undefined.
 - The widget "microphone" is undefined.
 - The widget "home" is undefined.
2026-01-21 22:45:27,663 [INFO] [MainThread] [root/watcher.py:54]: Created file watcher for path C:\Users\Martijn\.config\yasb
2026-01-21 22:45:27,680 [INFO] [MainThread] [root/update_service.py:409]: Background update checker started
2026-01-21 22:45:27,680 [DEBUG] [MainThread] [qasync._windows._EventPoller/_windows.py:215]: Starting (proactor: <_IocpProactor overlapped#=0 result#=0>)...
2026-01-21 22:45:27,681 [DEBUG] [Dummy-5] [qasync._windows._EventWorker/_windows.py:195]: Thread started
2026-01-21 22:45:38,884 [INFO] [MainThread] [root/controller.py:15]: Reloading Application because of config change.
2026-01-21 22:45:38,985 [INFO] [MainThread] [cli_server/cli_server.py:112]: Log pipe server stopped
2026-01-21 22:45:38,985 [DEBUG] [MainThread] [cli_server/cli_server.py:206]: CLI server stopped
2026-01-21 22:45:38,988 [INFO] [MainThread] [root/bar_manager.py:76]: Successfully loaded updated config and re-initialised all bars.
2026-01-21 22:45:39,217 [INFO] [MainThread] [root/log.py:69]: YASB v1.8.6
2026-01-21 22:45:39,217 [INFO] [Thread-1 (_run_server)] [cli_server/cli_server.py:212]: CLI server started v1.1.4
2026-01-21 22:45:39,217 [INFO] [MainThread] [cli_server/cli_server.py:104]: Log pipe server started
2026-01-21 22:45:39,217 [INFO] [MainThread] [root/main.py:45]: Waiting for previous YASB instance to exit...
2026-01-21 22:45:39,307 [DEBUG] [MainThread] [qasync._windows._EventPoller/_windows.py:220]: Stopping worker thread...
2026-01-21 22:45:39,312 [DEBUG] [Dummy-5] [qasync._windows._EventWorker/_windows.py:204]: Exiting thread
2026-01-21 22:45:39,317 [DEBUG] [MainThread] [qasync._windows._IocpProactor/_windows.py:78]: Closing
2026-01-21 22:45:39,468 [INFO] [MainThread] [root/main.py:71]: Previous instance exited, continuing startup.
2026-01-21 22:45:39,833 [ERROR] [MainThread] [root/weather.py:60]: API key or location is missing. Please provide a valid API key and location.
2026-01-21 22:45:39,847 [INFO] [MainThread] [root/service.py:39]: AudioInputService starting...
2026-01-21 22:45:39,879 [INFO] [MainThread] [root/service.py:48]: AudioOutputService starting...
2026-01-21 22:45:39,996 [ERROR] [MainThread] [root/weather.py:60]: API key or location is missing. Please provide a valid API key and location.
2026-01-21 22:45:40,028 [INFO] [MainThread] [root/bar_manager.py:85]: Starting SystemEventListener...
2026-01-21 22:45:40,028 [INFO] [MainThread] [root/bar_manager.py:85]: Starting KomorebiEventListener...
2026-01-21 22:45:40,028 [INFO] [MainThread] [root/bar_manager.py:85]: Starting WindowsNotificationEventListener...
2026-01-21 22:45:40,028 [INFO] [Dummy-3] [root/event_listener.py:51]: Created named pipe yasb-875269ae-f712-11f0-a426-acf23c294540
2026-01-21 22:45:40,029 [INFO] [MainThread] [root/watcher.py:54]: Created file watcher for path C:\Users\Martijn\.config\yasb
2026-01-21 22:45:40,052 [INFO] [MainThread] [root/update_service.py:409]: Background update checker started
2026-01-21 22:45:40,052 [DEBUG] [MainThread] [qasync._windows._EventPoller/_windows.py:215]: Starting (proactor: <_IocpProactor overlapped#=0 result#=0>)...
2026-01-21 22:45:40,055 [DEBUG] [Dummy-8] [qasync._windows._EventWorker/_windows.py:195]: Thread started
2026-01-21 22:46:24,506 [INFO] [MainThread] [root/controller.py:15]: Reloading Application because of config change.
2026-01-21 22:46:24,617 [INFO] [MainThread] [cli_server/cli_server.py:112]: Log pipe server stopped
2026-01-21 22:46:24,617 [DEBUG] [MainThread] [cli_server/cli_server.py:206]: CLI server stopped
2026-01-21 22:46:24,620 [INFO] [MainThread] [root/bar_manager.py:76]: Successfully loaded updated config and re-initialised all bars.
2026-01-21 22:46:24,833 [INFO] [MainThread] [root/log.py:69]: YASB v1.8.6
2026-01-21 22:46:24,833 [INFO] [Thread-1 (_run_server)] [cli_server/cli_server.py:212]: CLI server started v1.1.4
2026-01-21 22:46:24,833 [INFO] [MainThread] [cli_server/cli_server.py:104]: Log pipe server started
2026-01-21 22:46:24,833 [INFO] [MainThread] [root/main.py:45]: Waiting for previous YASB instance to exit...
2026-01-21 22:46:24,937 [INFO] [MainThread] [root/bar_manager.py:92]: Stopping SystemEventListener...
2026-01-21 22:46:24,937 [INFO] [MainThread] [root/bar_manager.py:92]: Stopping KomorebiEventListener...
2026-01-21 22:46:24,937 [INFO] [MainThread] [root/bar_manager.py:92]: Stopping WindowsNotificationEventListener...
2026-01-21 22:46:24,944 [DEBUG] [MainThread] [qasync._windows._EventPoller/_windows.py:220]: Stopping worker thread...
2026-01-21 22:46:24,944 [DEBUG] [Dummy-8] [qasync._windows._EventWorker/_windows.py:204]: Exiting thread
2026-01-21 22:46:24,948 [DEBUG] [MainThread] [qasync._windows._IocpProactor/_windows.py:78]: Closing
2026-01-21 22:46:25,083 [INFO] [MainThread] [root/main.py:71]: Previous instance exited, continuing startup.
2026-01-21 22:46:25,131 [WARNING] [MainThread] [root/widget_builder.py:40]: No widget config could be found for widget 'glazewm_workspaces
2026-01-21 22:46:25,450 [ERROR] [MainThread] [root/weather.py:60]: API key or location is missing. Please provide a valid API key and location.
2026-01-21 22:46:25,463 [INFO] [MainThread] [root/service.py:39]: AudioInputService starting...
2026-01-21 22:46:25,496 [INFO] [MainThread] [root/service.py:48]: AudioOutputService starting...
2026-01-21 22:46:25,582 [WARNING] [MainThread] [root/widget_builder.py:37]: Ignoring construction of invalid widget 'glazewm_workspaces'
2026-01-21 22:46:25,613 [ERROR] [MainThread] [root/weather.py:60]: API key or location is missing. Please provide a valid API key and location.
2026-01-21 22:46:25,643 [INFO] [MainThread] [root/bar_manager.py:85]: Starting SystemEventListener...
2026-01-21 22:46:25,643 [INFO] [MainThread] [root/bar_manager.py:85]: Starting KomorebiEventListener...
2026-01-21 22:46:25,643 [INFO] [MainThread] [root/bar_manager.py:85]: Starting WindowsNotificationEventListener...
2026-01-21 22:46:25,644 [ERROR] [MainThread] [root/widget_builder.py:86]: Failed to add undefined widget(s)  - The widget "glazewm_workspaces" is undefined.
2026-01-21 22:46:25,644 [INFO] [Dummy-3] [root/event_listener.py:51]: Created named pipe yasb-a282cc3d-f712-11f0-af6c-acf23c294540
2026-01-21 22:46:25,657 [INFO] [MainThread] [root/watcher.py:54]: Created file watcher for path C:\Users\Martijn\.config\yasb
2026-01-21 22:46:25,677 [INFO] [MainThread] [root/update_service.py:409]: Background update checker started
2026-01-21 22:46:25,677 [DEBUG] [MainThread] [qasync._windows._EventPoller/_windows.py:215]: Starting (proactor: <_IocpProactor overlapped#=0 result#=0>)...
2026-01-21 22:46:25,678 [DEBUG] [Dummy-8] [qasync._windows._EventWorker/_windows.py:195]: Thread started
2026-01-21 22:47:17,938 [INFO] [MainThread] [root/controller.py:15]: Reloading Application because of config change.
2026-01-21 22:47:18,046 [INFO] [MainThread] [cli_server/cli_server.py:112]: Log pipe server stopped
2026-01-21 22:47:18,046 [DEBUG] [MainThread] [cli_server/cli_server.py:206]: CLI server stopped
2026-01-21 22:47:18,048 [INFO] [MainThread] [root/bar_manager.py:76]: Successfully loaded updated config and re-initialised all bars.
2026-01-21 22:47:18,260 [INFO] [MainThread] [root/log.py:69]: YASB v1.8.6
2026-01-21 22:47:18,260 [INFO] [Thread-1 (_run_server)] [cli_server/cli_server.py:212]: CLI server started v1.1.4
2026-01-21 22:47:18,260 [INFO] [MainThread] [cli_server/cli_server.py:104]: Log pipe server started
2026-01-21 22:47:18,260 [INFO] [MainThread] [root/main.py:45]: Waiting for previous YASB instance to exit...
2026-01-21 22:47:18,336 [INFO] [MainThread] [root/bar_manager.py:92]: Stopping SystemEventListener...
2026-01-21 22:47:18,337 [INFO] [MainThread] [root/bar_manager.py:92]: Stopping KomorebiEventListener...
2026-01-21 22:47:18,337 [INFO] [MainThread] [root/bar_manager.py:92]: Stopping WindowsNotificationEventListener...
2026-01-21 22:47:18,343 [DEBUG] [MainThread] [qasync._windows._EventPoller/_windows.py:220]: Stopping worker thread...
2026-01-21 22:47:18,357 [DEBUG] [Dummy-8] [qasync._windows._EventWorker/_windows.py:204]: Exiting thread
2026-01-21 22:47:18,361 [DEBUG] [MainThread] [qasync._windows._IocpProactor/_windows.py:78]: Closing
2026-01-21 22:47:18,511 [INFO] [MainThread] [root/main.py:71]: Previous instance exited, continuing startup.
2026-01-21 22:47:18,926 [ERROR] [MainThread] [root/weather.py:60]: API key or location is missing. Please provide a valid API key and location.
2026-01-21 22:47:18,938 [INFO] [MainThread] [root/service.py:39]: AudioInputService starting...
2026-01-21 22:47:18,970 [INFO] [MainThread] [root/service.py:48]: AudioOutputService starting...
2026-01-21 22:47:19,162 [ERROR] [MainThread] [root/weather.py:60]: API key or location is missing. Please provide a valid API key and location.
2026-01-21 22:47:19,204 [INFO] [MainThread] [root/bar_manager.py:85]: Starting SystemEventListener...
2026-01-21 22:47:19,205 [INFO] [MainThread] [root/bar_manager.py:85]: Starting KomorebiEventListener...
2026-01-21 22:47:19,205 [INFO] [MainThread] [root/bar_manager.py:85]: Starting WindowsNotificationEventListener...
2026-01-21 22:47:19,205 [INFO] [MainThread] [root/watcher.py:54]: Created file watcher for path C:\Users\Martijn\.config\yasb
2026-01-21 22:47:19,205 [INFO] [Dummy-5] [root/event_listener.py:51]: Created named pipe yasb-c26f9aef-f712-11f0-995a-acf23c294540
2026-01-21 22:47:19,229 [INFO] [MainThread] [root/update_service.py:409]: Background update checker started
2026-01-21 22:47:19,229 [DEBUG] [MainThread] [qasync._windows._EventPoller/_windows.py:215]: Starting (proactor: <_IocpProactor overlapped#=0 result#=0>)...
2026-01-21 22:47:19,230 [DEBUG] [Dummy-8] [qasync._windows._EventWorker/_windows.py:195]: Thread started
2026-01-21 22:51:15,512 [INFO] [MainThread] [root/controller.py:15]: Reloading Application because of config change.
2026-01-21 22:51:15,628 [INFO] [MainThread] [cli_server/cli_server.py:112]: Log pipe server stopped
2026-01-21 22:51:15,628 [DEBUG] [MainThread] [cli_server/cli_server.py:206]: CLI server stopped
2026-01-21 22:51:15,631 [INFO] [MainThread] [root/bar_manager.py:76]: Successfully loaded updated config and re-initialised all bars.
2026-01-21 22:51:15,850 [INFO] [MainThread] [root/log.py:69]: YASB v1.8.6
2026-01-21 22:51:15,850 [INFO] [Thread-1 (_run_server)] [cli_server/cli_server.py:212]: CLI server started v1.1.4
2026-01-21 22:51:15,850 [INFO] [MainThread] [cli_server/cli_server.py:104]: Log pipe server started
2026-01-21 22:51:15,850 [INFO] [MainThread] [root/main.py:45]: Waiting for previous YASB instance to exit...
2026-01-21 22:51:15,899 [INFO] [MainThread] [root/bar_manager.py:92]: Stopping SystemEventListener...
2026-01-21 22:51:15,899 [INFO] [MainThread] [root/bar_manager.py:92]: Stopping KomorebiEventListener...
2026-01-21 22:51:15,899 [INFO] [MainThread] [root/bar_manager.py:92]: Stopping WindowsNotificationEventListener...
2026-01-21 22:51:15,902 [DEBUG] [MainThread] [qasync._windows._EventPoller/_windows.py:220]: Stopping worker thread...
2026-01-21 22:51:15,909 [DEBUG] [Dummy-8] [qasync._windows._EventWorker/_windows.py:204]: Exiting thread
2026-01-21 22:51:15,911 [DEBUG] [MainThread] [qasync._windows._IocpProactor/_windows.py:78]: Closing
2026-01-21 22:51:16,101 [INFO] [MainThread] [root/main.py:71]: Previous instance exited, continuing startup.
2026-01-21 22:51:16,475 [ERROR] [MainThread] [root/weather.py:60]: API key or location is missing. Please provide a valid API key and location.
2026-01-21 22:51:16,488 [INFO] [MainThread] [root/service.py:39]: AudioInputService starting...
2026-01-21 22:51:16,521 [INFO] [MainThread] [root/service.py:48]: AudioOutputService starting...
2026-01-21 22:51:16,703 [ERROR] [MainThread] [root/weather.py:60]: API key or location is missing. Please provide a valid API key and location.
2026-01-21 22:51:16,744 [INFO] [MainThread] [root/bar_manager.py:85]: Starting WindowsNotificationEventListener...
2026-01-21 22:51:16,744 [INFO] [MainThread] [root/bar_manager.py:85]: Starting SystemEventListener...
2026-01-21 22:51:16,744 [INFO] [MainThread] [root/bar_manager.py:85]: Starting KomorebiEventListener...
2026-01-21 22:51:16,744 [INFO] [MainThread] [root/watcher.py:54]: Created file watcher for path C:\Users\Martijn\.config\yasb
2026-01-21 22:51:16,745 [INFO] [Dummy-5] [root/event_listener.py:51]: Created named pipe yasb-500540e9-f713-11f0-8a6b-acf23c294540
2026-01-21 22:51:16,767 [INFO] [MainThread] [root/update_service.py:409]: Background update checker started
2026-01-21 22:51:16,767 [DEBUG] [MainThread] [qasync._windows._EventPoller/_windows.py:215]: Starting (proactor: <_IocpProactor overlapped#=0 result#=0>)...
2026-01-21 22:51:16,769 [DEBUG] [Dummy-8] [qasync._windows._EventWorker/_windows.py:195]: Thread started
2026-01-21 22:52:32,450 [INFO] [MainThread] [root/controller.py:15]: Reloading Bar from context menu...
2026-01-21 22:52:32,560 [INFO] [MainThread] [cli_server/cli_server.py:112]: Log pipe server stopped
2026-01-21 22:52:32,560 [DEBUG] [MainThread] [cli_server/cli_server.py:206]: CLI server stopped
2026-01-21 22:52:32,797 [INFO] [MainThread] [root/log.py:69]: YASB v1.8.6
2026-01-21 22:52:32,797 [INFO] [Thread-1 (_run_server)] [cli_server/cli_server.py:212]: CLI server started v1.1.4
2026-01-21 22:52:32,797 [INFO] [MainThread] [cli_server/cli_server.py:104]: Log pipe server started
2026-01-21 22:52:32,798 [INFO] [MainThread] [root/main.py:45]: Waiting for previous YASB instance to exit...
2026-01-21 22:52:32,866 [INFO] [MainThread] [root/bar_manager.py:92]: Stopping WindowsNotificationEventListener...
2026-01-21 22:52:32,867 [INFO] [MainThread] [root/bar_manager.py:92]: Stopping SystemEventListener...
2026-01-21 22:52:32,867 [INFO] [MainThread] [root/bar_manager.py:92]: Stopping KomorebiEventListener...
2026-01-21 22:52:32,872 [DEBUG] [MainThread] [qasync._windows._EventPoller/_windows.py:220]: Stopping worker thread...
2026-01-21 22:52:32,872 [DEBUG] [Dummy-8] [qasync._windows._EventWorker/_windows.py:204]: Exiting thread
2026-01-21 22:52:32,874 [DEBUG] [MainThread] [qasync._windows._IocpProactor/_windows.py:78]: Closing
2026-01-21 22:52:33,048 [INFO] [MainThread] [root/main.py:71]: Previous instance exited, continuing startup.
2026-01-21 22:52:33,464 [ERROR] [MainThread] [root/weather.py:60]: API key or location is missing. Please provide a valid API key and location.
2026-01-21 22:52:33,477 [INFO] [MainThread] [root/service.py:39]: AudioInputService starting...
2026-01-21 22:52:33,511 [INFO] [MainThread] [root/service.py:48]: AudioOutputService starting...
2026-01-21 22:52:33,713 [ERROR] [MainThread] [root/weather.py:60]: API key or location is missing. Please provide a valid API key and location.
2026-01-21 22:52:33,754 [INFO] [MainThread] [root/bar_manager.py:85]: Starting SystemEventListener...
2026-01-21 22:52:33,754 [INFO] [MainThread] [root/bar_manager.py:85]: Starting KomorebiEventListener...
2026-01-21 22:52:33,754 [INFO] [MainThread] [root/bar_manager.py:85]: Starting WindowsNotificationEventListener...
2026-01-21 22:52:33,755 [INFO] [Dummy-3] [root/event_listener.py:51]: Created named pipe yasb-7dec111a-f713-11f0-971a-acf23c294540
2026-01-21 22:52:33,755 [INFO] [MainThread] [root/watcher.py:54]: Created file watcher for path C:\Users\Martijn\.config\yasb
2026-01-21 22:52:33,778 [INFO] [MainThread] [root/update_service.py:409]: Background update checker started
2026-01-21 22:52:33,778 [DEBUG] [MainThread] [qasync._windows._EventPoller/_windows.py:215]: Starting (proactor: <_IocpProactor overlapped#=0 result#=0>)...
2026-01-21 22:52:33,780 [DEBUG] [Dummy-8] [qasync._windows._EventWorker/_windows.py:195]: Thread started
2026-01-21 22:54:46,747 [INFO] [MainThread] [root/controller.py:15]: Reloading Application because of config change.
2026-01-21 22:54:46,858 [INFO] [MainThread] [cli_server/cli_server.py:112]: Log pipe server stopped
2026-01-21 22:54:46,858 [DEBUG] [MainThread] [cli_server/cli_server.py:206]: CLI server stopped
2026-01-21 22:54:46,860 [INFO] [MainThread] [root/bar_manager.py:76]: Successfully loaded updated config and re-initialised all bars.
2026-01-21 22:54:47,104 [INFO] [MainThread] [root/log.py:69]: YASB v1.8.6
2026-01-21 22:54:47,105 [INFO] [Thread-1 (_run_server)] [cli_server/cli_server.py:212]: CLI server started v1.1.4
2026-01-21 22:54:47,105 [INFO] [MainThread] [cli_server/cli_server.py:104]: Log pipe server started
2026-01-21 22:54:47,105 [INFO] [MainThread] [root/main.py:45]: Waiting for previous YASB instance to exit...
2026-01-21 22:54:47,138 [INFO] [MainThread] [root/bar_manager.py:92]: Stopping SystemEventListener...
2026-01-21 22:54:47,138 [INFO] [MainThread] [root/bar_manager.py:92]: Stopping KomorebiEventListener...
2026-01-21 22:54:47,138 [INFO] [MainThread] [root/bar_manager.py:92]: Stopping WindowsNotificationEventListener...
2026-01-21 22:54:47,141 [DEBUG] [MainThread] [qasync._windows._EventPoller/_windows.py:220]: Stopping worker thread...
2026-01-21 22:54:47,153 [DEBUG] [Dummy-8] [qasync._windows._EventWorker/_windows.py:204]: Exiting thread
2026-01-21 22:54:47,155 [DEBUG] [MainThread] [qasync._windows._IocpProactor/_windows.py:78]: Closing
2026-01-21 22:54:47,355 [INFO] [MainThread] [root/main.py:71]: Previous instance exited, continuing startup.
2026-01-21 22:54:47,920 [INFO] [MainThread] [root/bar_manager.py:85]: Starting SystemEventListener...
2026-01-21 22:54:47,920 [INFO] [MainThread] [root/bar_manager.py:85]: Starting WindowsNotificationEventListener...
2026-01-21 22:54:47,921 [INFO] [MainThread] [root/watcher.py:54]: Created file watcher for path C:\Users\Martijn\.config\yasb
2026-01-21 22:54:47,942 [INFO] [MainThread] [root/update_service.py:409]: Background update checker started
2026-01-21 22:54:47,942 [DEBUG] [MainThread] [qasync._windows._EventPoller/_windows.py:215]: Starting (proactor: <_IocpProactor overlapped#=0 result#=0>)...
2026-01-21 22:54:47,943 [DEBUG] [Dummy-5] [qasync._windows._EventWorker/_windows.py:195]: Thread started
2026-01-21 23:14:25,022 [INFO] [MainThread] [root/controller.py:35]: Exiting Application...
2026-01-21 23:14:25,126 [INFO] [MainThread] [cli_server/cli_server.py:112]: Log pipe server stopped
2026-01-21 23:14:25,126 [DEBUG] [MainThread] [cli_server/cli_server.py:206]: CLI server stopped
2026-01-21 23:14:25,431 [INFO] [MainThread] [root/bar_manager.py:92]: Stopping SystemEventListener...
2026-01-21 23:14:25,432 [INFO] [MainThread] [root/bar_manager.py:92]: Stopping WindowsNotificationEventListener...
2026-01-21 23:14:25,453 [DEBUG] [MainThread] [qasync._windows._EventPoller/_windows.py:220]: Stopping worker thread...
2026-01-21 23:14:25,468 [DEBUG] [Dummy-5] [qasync._windows._EventWorker/_windows.py:204]: Exiting thread
2026-01-21 23:14:25,483 [DEBUG] [MainThread] [qasync._windows._IocpProactor/_windows.py:78]: Closing
2026-01-26 14:08:01,140 [INFO] [MainThread] [root/log.py:69]: YASB v1.8.6
2026-01-26 14:08:01,141 [INFO] [Thread-1 (_run_server)] [cli_server/cli_server.py:212]: CLI server started v1.1.4
2026-01-26 14:08:01,141 [INFO] [MainThread] [cli_server/cli_server.py:104]: Log pipe server started
2026-01-26 14:08:02,065 [INFO] [MainThread] [root/bar_manager.py:85]: Starting WindowsNotificationEventListener...
2026-01-26 14:08:02,066 [INFO] [MainThread] [root/bar_manager.py:85]: Starting SystemEventListener...
2026-01-26 14:08:02,066 [INFO] [MainThread] [root/watcher.py:54]: Created file watcher for path C:\Users\Martijn\.config\yasb
2026-01-26 14:08:02,095 [INFO] [MainThread] [root/update_service.py:409]: Background update checker started
2026-01-26 14:08:02,096 [DEBUG] [MainThread] [qasync._windows._EventPoller/_windows.py:215]: Starting (proactor: <_IocpProactor overlapped#=0 result#=0>)...
2026-01-26 14:08:02,097 [DEBUG] [Dummy-5] [qasync._windows._EventWorker/_windows.py:195]: Thread started
2026-01-26 14:09:05,118 [INFO] [MainThread] [root/controller.py:35]: Exiting Application from context menu...
2026-01-26 14:09:05,223 [INFO] [MainThread] [cli_server/cli_server.py:112]: Log pipe server stopped
2026-01-26 14:09:05,223 [DEBUG] [MainThread] [cli_server/cli_server.py:206]: CLI server stopped
2026-01-26 14:09:05,507 [INFO] [MainThread] [root/bar_manager.py:92]: Stopping WindowsNotificationEventListener...
2026-01-26 14:09:05,508 [INFO] [MainThread] [root/bar_manager.py:92]: Stopping SystemEventListener...
2026-01-26 14:09:05,511 [DEBUG] [MainThread] [qasync._windows._EventPoller/_windows.py:220]: Stopping worker thread...
2026-01-26 14:09:05,519 [DEBUG] [Dummy-5] [qasync._windows._EventWorker/_windows.py:204]: Exiting thread
2026-01-26 14:09:05,520 [DEBUG] [MainThread] [qasync._windows._IocpProactor/_windows.py:78]: Closing
2026-02-02 19:34:03,519 [INFO] [MainThread] [root/log.py:69]: YASB v1.8.7
2026-02-02 19:34:03,519 [INFO] [CLIPipeServer] [cli_server/cli_server.py:215]: CLI server started v1.1.5
2026-02-02 19:34:03,519 [INFO] [MainThread] [cli_server/cli_server.py:106]: Log pipe server started
2026-02-02 19:34:03,551 [DEBUG] [MainThread] [qasync._windows._EventPoller/_windows.py:215]: Starting (proactor: <_IocpProactor overlapped#=0 result#=0>)...
2026-02-02 19:34:03,552 [DEBUG] [Dummy-3] [qasync._windows._EventWorker/_windows.py:195]: Thread started
2026-02-02 19:34:04,452 [INFO] [MainThread] [root/bar_manager.py:85]: Starting WindowsNotificationEventListener...
2026-02-02 19:34:04,453 [INFO] [MainThread] [root/bar_manager.py:85]: Starting SystemEventListener...
2026-02-02 19:34:04,453 [INFO] [MainThread] [root/watcher.py:54]: Created file watcher for path C:\Users\Martijn\.config\yasb
2026-02-02 19:34:04,512 [INFO] [MainThread] [root/update_service.py:426]: Background update checker started
2026-02-02 20:31:56,017 [INFO] [MainThread] [root/controller.py:16]: Reloading Bar from context menu...
2026-02-02 20:31:56,128 [INFO] [MainThread] [cli_server/cli_server.py:114]: Log pipe server stopped
2026-02-02 20:31:56,128 [DEBUG] [MainThread] [cli_server/cli_server.py:209]: CLI server stopped
2026-02-02 20:31:56,373 [INFO] [MainThread] [root/log.py:69]: YASB v1.8.7
2026-02-02 20:31:56,374 [INFO] [CLIPipeServer] [cli_server/cli_server.py:215]: CLI server started v1.1.5
2026-02-02 20:31:56,374 [INFO] [MainThread] [cli_server/cli_server.py:106]: Log pipe server started
2026-02-02 20:31:56,374 [INFO] [MainThread] [root/main.py:46]: Waiting for previous YASB instance to exit...
2026-02-02 20:31:56,415 [INFO] [MainThread] [root/bar_manager.py:92]: Stopping WindowsNotificationEventListener...
2026-02-02 20:31:56,415 [INFO] [MainThread] [root/bar_manager.py:92]: Stopping SystemEventListener...
2026-02-02 20:31:57,126 [INFO] [MainThread] [root/main.py:72]: Previous instance exited, continuing startup.
2026-02-02 20:31:57,144 [DEBUG] [MainThread] [qasync._windows._EventPoller/_windows.py:215]: Starting (proactor: <_IocpProactor overlapped#=0 result#=0>)...
2026-02-02 20:31:57,145 [DEBUG] [Dummy-3] [qasync._windows._EventWorker/_windows.py:195]: Thread started
2026-02-02 20:31:57,824 [INFO] [MainThread] [root/bar_manager.py:85]: Starting SystemEventListener...
2026-02-02 20:31:57,824 [INFO] [MainThread] [root/bar_manager.py:85]: Starting WindowsNotificationEventListener...
2026-02-02 20:31:57,825 [INFO] [MainThread] [root/watcher.py:54]: Created file watcher for path C:\Users\Martijn\.config\yasb
2026-02-02 20:31:57,848 [INFO] [MainThread] [root/update_service.py:426]: Background update checker started
2026-02-02 20:37:55,694 [INFO] [MainThread] [root/controller.py:16]: Reloading Application because of config change.
2026-02-02 20:37:55,805 [INFO] [MainThread] [cli_server/cli_server.py:114]: Log pipe server stopped
2026-02-02 20:37:55,805 [DEBUG] [MainThread] [cli_server/cli_server.py:209]: CLI server stopped
2026-02-02 20:37:55,809 [INFO] [MainThread] [root/bar_manager.py:76]: Successfully loaded updated config and re-initialised all bars.
2026-02-02 20:37:56,044 [INFO] [MainThread] [root/log.py:69]: YASB v1.8.7
2026-02-02 20:37:56,044 [INFO] [CLIPipeServer] [cli_server/cli_server.py:215]: CLI server started v1.1.5
2026-02-02 20:37:56,044 [INFO] [MainThread] [cli_server/cli_server.py:106]: Log pipe server started
2026-02-02 20:37:56,044 [INFO] [MainThread] [root/main.py:46]: Waiting for previous YASB instance to exit...
2026-02-02 20:37:56,086 [INFO] [MainThread] [root/bar_manager.py:92]: Stopping SystemEventListener...
2026-02-02 20:37:56,086 [INFO] [MainThread] [root/bar_manager.py:92]: Stopping WindowsNotificationEventListener...
2026-02-02 20:37:56,295 [INFO] [MainThread] [root/main.py:72]: Previous instance exited, continuing startup.
2026-02-02 20:37:56,316 [DEBUG] [MainThread] [qasync._windows._EventPoller/_windows.py:215]: Starting (proactor: <_IocpProactor overlapped#=0 result#=0>)...
2026-02-02 20:37:56,318 [DEBUG] [Dummy-3] [qasync._windows._EventWorker/_windows.py:195]: Thread started
2026-02-02 20:37:56,709 [WARNING] [MainThread] [root/widget_builder.py:37]: Ignoring construction of invalid widget 'glazewm_workspaces'
2026-02-02 20:37:56,774 [INFO] [MainThread] [root/bar_manager.py:85]: Starting WindowsNotificationEventListener...
2026-02-02 20:37:56,775 [INFO] [MainThread] [root/bar_manager.py:85]: Starting SystemEventListener...
2026-02-02 20:37:56,775 [ERROR] [MainThread] [root/widget_builder.py:100]: Failed to validate widget(s) due to invalid options  - glazewm_workspaces
      emtpy_label:
      - unknown field
      enabled_active:
      - unknown field
      enabled_focused:
      - unknown field
      enabled_populated:
      - unknown field
      focused_popluated_label:
      - unknown field
      hide_duplicates:
      - unknown field
      hide_floating:
      - unknown field
      hide_label:
      - unknown field
      max_icons:
      - unknown field
      poplated_label:
      - unknown field
      size:
      - unknown field
      
2026-02-02 20:37:56,795 [INFO] [MainThread] [root/watcher.py:54]: Created file watcher for path C:\Users\Martijn\.config\yasb
2026-02-02 20:37:56,825 [INFO] [MainThread] [root/update_service.py:426]: Background update checker started
2026-02-02 20:39:38,364 [ERROR] [MainThread] [root/config.py:115]: The config file 'C:\Users\Martijn\.config\yasb\config.yaml' contains validation errors. Please fix:
glazewm_workspaces:
- unknown field

2026-02-02 20:39:58,553 [INFO] [MainThread] [root/controller.py:16]: Reloading Application because of config change.
2026-02-02 20:39:58,662 [INFO] [MainThread] [cli_server/cli_server.py:114]: Log pipe server stopped
2026-02-02 20:39:58,662 [DEBUG] [MainThread] [cli_server/cli_server.py:209]: CLI server stopped
2026-02-02 20:39:58,666 [INFO] [MainThread] [root/bar_manager.py:76]: Successfully loaded updated config and re-initialised all bars.
2026-02-02 20:39:58,902 [INFO] [MainThread] [root/log.py:69]: YASB v1.8.7
2026-02-02 20:39:58,902 [INFO] [CLIPipeServer] [cli_server/cli_server.py:215]: CLI server started v1.1.5
2026-02-02 20:39:58,902 [INFO] [MainThread] [cli_server/cli_server.py:106]: Log pipe server started
2026-02-02 20:39:58,903 [INFO] [MainThread] [root/main.py:46]: Waiting for previous YASB instance to exit...
2026-02-02 20:39:58,988 [INFO] [MainThread] [root/bar_manager.py:92]: Stopping WindowsNotificationEventListener...
2026-02-02 20:39:58,989 [INFO] [MainThread] [root/bar_manager.py:92]: Stopping SystemEventListener...
2026-02-02 20:39:59,153 [INFO] [MainThread] [root/main.py:72]: Previous instance exited, continuing startup.
2026-02-02 20:39:59,171 [DEBUG] [MainThread] [qasync._windows._EventPoller/_windows.py:215]: Starting (proactor: <_IocpProactor overlapped#=0 result#=0>)...
2026-02-02 20:39:59,172 [DEBUG] [Dummy-3] [qasync._windows._EventWorker/_windows.py:195]: Thread started
2026-02-02 20:39:59,706 [INFO] [MainThread] [root/bar_manager.py:85]: Starting SystemEventListener...
2026-02-02 20:39:59,706 [INFO] [MainThread] [root/bar_manager.py:85]: Starting WindowsNotificationEventListener...
2026-02-02 20:39:59,707 [INFO] [MainThread] [root/watcher.py:54]: Created file watcher for path C:\Users\Martijn\.config\yasb
2026-02-02 20:39:59,798 [INFO] [MainThread] [root/update_service.py:426]: Background update checker started
2026-02-02 20:46:01,466 [INFO] [MainThread] [root/controller.py:16]: Reloading Application because of config change.
2026-02-02 20:46:01,568 [INFO] [MainThread] [cli_server/cli_server.py:114]: Log pipe server stopped
2026-02-02 20:46:01,568 [DEBUG] [MainThread] [cli_server/cli_server.py:209]: CLI server stopped
2026-02-02 20:46:01,572 [INFO] [MainThread] [root/bar_manager.py:76]: Successfully loaded updated config and re-initialised all bars.
2026-02-02 20:46:01,805 [INFO] [MainThread] [root/log.py:69]: YASB v1.8.7
2026-02-02 20:46:01,805 [INFO] [CLIPipeServer] [cli_server/cli_server.py:215]: CLI server started v1.1.5
2026-02-02 20:46:01,805 [INFO] [MainThread] [cli_server/cli_server.py:106]: Log pipe server started
2026-02-02 20:46:01,805 [INFO] [MainThread] [root/main.py:46]: Waiting for previous YASB instance to exit...
2026-02-02 20:46:01,849 [INFO] [MainThread] [root/bar_manager.py:92]: Stopping SystemEventListener...
2026-02-02 20:46:01,849 [INFO] [MainThread] [root/bar_manager.py:92]: Stopping WindowsNotificationEventListener...
2026-02-02 20:46:02,056 [INFO] [MainThread] [root/main.py:72]: Previous instance exited, continuing startup.
2026-02-02 20:46:02,075 [DEBUG] [MainThread] [qasync._windows._EventPoller/_windows.py:215]: Starting (proactor: <_IocpProactor overlapped#=0 result#=0>)...
2026-02-02 20:46:02,076 [DEBUG] [Dummy-3] [qasync._windows._EventWorker/_windows.py:195]: Thread started
2026-02-02 20:46:02,700 [INFO] [MainThread] [root/bar_manager.py:85]: Starting SystemEventListener...
2026-02-02 20:46:02,700 [INFO] [MainThread] [root/bar_manager.py:85]: Starting WindowsNotificationEventListener...
2026-02-02 20:46:02,701 [INFO] [MainThread] [root/watcher.py:54]: Created file watcher for path C:\Users\Martijn\.config\yasb
2026-02-02 20:46:02,725 [INFO] [MainThread] [root/update_service.py:426]: Background update checker started
2026-02-02 20:46:09,198 [INFO] [MainThread] [root/controller.py:16]: Reloading Application because of config change.
2026-02-02 20:46:09,299 [INFO] [MainThread] [cli_server/cli_server.py:114]: Log pipe server stopped
2026-02-02 20:46:09,299 [DEBUG] [MainThread] [cli_server/cli_server.py:209]: CLI server stopped
2026-02-02 20:46:09,303 [INFO] [MainThread] [root/bar_manager.py:76]: Successfully loaded updated config and re-initialised all bars.
2026-02-02 20:46:09,527 [INFO] [MainThread] [root/log.py:69]: YASB v1.8.7
2026-02-02 20:46:09,528 [INFO] [CLIPipeServer] [cli_server/cli_server.py:215]: CLI server started v1.1.5
2026-02-02 20:46:09,528 [INFO] [MainThread] [cli_server/cli_server.py:106]: Log pipe server started
2026-02-02 20:46:09,528 [INFO] [MainThread] [root/main.py:46]: Waiting for previous YASB instance to exit...
2026-02-02 20:46:09,595 [INFO] [MainThread] [root/bar_manager.py:92]: Stopping SystemEventListener...
2026-02-02 20:46:09,595 [INFO] [MainThread] [root/bar_manager.py:92]: Stopping WindowsNotificationEventListener...
2026-02-02 20:46:09,779 [INFO] [MainThread] [root/main.py:72]: Previous instance exited, continuing startup.
2026-02-02 20:46:09,799 [DEBUG] [MainThread] [qasync._windows._EventPoller/_windows.py:215]: Starting (proactor: <_IocpProactor overlapped#=0 result#=0>)...
2026-02-02 20:46:09,800 [DEBUG] [Dummy-3] [qasync._windows._EventWorker/_windows.py:195]: Thread started
2026-02-02 20:46:10,425 [INFO] [MainThread] [root/bar_manager.py:85]: Starting WindowsNotificationEventListener...
2026-02-02 20:46:10,426 [INFO] [MainThread] [root/bar_manager.py:85]: Starting SystemEventListener...
2026-02-02 20:46:10,426 [INFO] [MainThread] [root/watcher.py:54]: Created file watcher for path C:\Users\Martijn\.config\yasb
2026-02-02 20:46:10,449 [INFO] [MainThread] [root/update_service.py:426]: Background update checker started
2026-02-02 21:58:15,145 [INFO] [MainThread] [root/bar_manager.py:92]: Stopping WindowsNotificationEventListener...
2026-02-02 21:58:15,145 [INFO] [MainThread] [root/bar_manager.py:92]: Stopping SystemEventListener...
2026-02-03 13:36:51,486 [INFO] [MainThread] [root/log.py:69]: YASB v1.8.7
2026-02-03 13:36:51,486 [INFO] [CLIPipeServer] [cli_server/cli_server.py:215]: CLI server started v1.1.5
2026-02-03 13:36:51,487 [INFO] [MainThread] [cli_server/cli_server.py:106]: Log pipe server started
2026-02-03 13:36:51,506 [DEBUG] [MainThread] [qasync._windows._EventPoller/_windows.py:215]: Starting (proactor: <_IocpProactor overlapped#=0 result#=0>)...
2026-02-03 13:36:51,507 [DEBUG] [Dummy-3] [qasync._windows._EventWorker/_windows.py:195]: Thread started
2026-02-03 13:36:52,437 [INFO] [MainThread] [root/bar_manager.py:85]: Starting SystemEventListener...
2026-02-03 13:36:52,437 [INFO] [MainThread] [root/bar_manager.py:85]: Starting WindowsNotificationEventListener...
2026-02-03 13:36:52,438 [INFO] [MainThread] [root/watcher.py:54]: Created file watcher for path C:\Users\Martijn\.config\yasb
2026-02-03 13:36:52,470 [INFO] [MainThread] [root/update_service.py:426]: Background update checker started
2026-02-04 02:47:20,825 [INFO] [MainThread] [root/bar_manager.py:92]: Stopping SystemEventListener...
2026-02-04 02:47:20,830 [INFO] [MainThread] [root/bar_manager.py:92]: Stopping WindowsNotificationEventListener...
2026-02-04 14:04:56,011 [INFO] [MainThread] [root/log.py:69]: YASB v1.8.7
2026-02-04 14:04:56,011 [INFO] [CLIPipeServer] [cli_server/cli_server.py:215]: CLI server started v1.1.5
2026-02-04 14:04:56,012 [INFO] [MainThread] [cli_server/cli_server.py:106]: Log pipe server started
2026-02-04 14:04:56,029 [DEBUG] [MainThread] [qasync._windows._EventPoller/_windows.py:215]: Starting (proactor: <_IocpProactor overlapped#=0 result#=0>)...
2026-02-04 14:04:56,030 [DEBUG] [Dummy-3] [qasync._windows._EventWorker/_windows.py:195]: Thread started
2026-02-04 14:04:56,924 [INFO] [MainThread] [root/bar_manager.py:85]: Starting SystemEventListener...
2026-02-04 14:04:56,924 [INFO] [MainThread] [root/bar_manager.py:85]: Starting WindowsNotificationEventListener...
2026-02-04 14:04:56,925 [INFO] [MainThread] [root/watcher.py:54]: Created file watcher for path C:\Users\Martijn\.config\yasb
2026-02-04 14:04:56,964 [INFO] [MainThread] [root/update_service.py:426]: Background update checker started
2026-02-04 23:46:23,558 [INFO] [MainThread] [root/controller.py:16]: Reloading Application from tray...
2026-02-04 23:46:23,659 [INFO] [MainThread] [cli_server/cli_server.py:114]: Log pipe server stopped
2026-02-04 23:46:23,659 [DEBUG] [MainThread] [cli_server/cli_server.py:209]: CLI server stopped
2026-02-04 23:46:24,528 [INFO] [MainThread] [root/bar_manager.py:92]: Stopping SystemEventListener...
2026-02-04 23:46:24,528 [INFO] [MainThread] [root/bar_manager.py:92]: Stopping WindowsNotificationEventListener...
2026-02-04 23:46:25,002 [INFO] [MainThread] [root/log.py:69]: YASB v1.8.7
2026-02-04 23:46:25,002 [INFO] [CLIPipeServer] [cli_server/cli_server.py:215]: CLI server started v1.1.5
2026-02-04 23:46:25,002 [INFO] [MainThread] [cli_server/cli_server.py:106]: Log pipe server started
2026-02-04 23:46:25,021 [DEBUG] [MainThread] [qasync._windows._EventPoller/_windows.py:215]: Starting (proactor: <_IocpProactor overlapped#=0 result#=0>)...
2026-02-04 23:46:25,022 [DEBUG] [Dummy-3] [qasync._windows._EventWorker/_windows.py:195]: Thread started
2026-02-04 23:46:25,846 [INFO] [MainThread] [root/bar_manager.py:85]: Starting WindowsNotificationEventListener...
2026-02-04 23:46:25,847 [INFO] [MainThread] [root/bar_manager.py:85]: Starting SystemEventListener...
2026-02-04 23:46:25,847 [INFO] [MainThread] [root/watcher.py:54]: Created file watcher for path C:\Users\Martijn\.config\yasb
2026-02-04 23:46:25,934 [INFO] [MainThread] [root/update_service.py:426]: Background update checker started
2026-02-05 00:22:51,976 [INFO] [MainThread] [root/bar_manager.py:92]: Stopping WindowsNotificationEventListener...
2026-02-05 00:22:51,976 [INFO] [MainThread] [root/bar_manager.py:92]: Stopping SystemEventListener...
2026-02-05 13:50:22,145 [INFO] [MainThread] [root/log.py:69]: YASB v1.8.7
2026-02-05 13:50:22,146 [INFO] [CLIPipeServer] [cli_server/cli_server.py:215]: CLI server started v1.1.5
2026-02-05 13:50:22,146 [INFO] [MainThread] [cli_server/cli_server.py:106]: Log pipe server started
2026-02-05 13:50:22,194 [DEBUG] [MainThread] [qasync._windows._EventPoller/_windows.py:215]: Starting (proactor: <_IocpProactor overlapped#=0 result#=0>)...
2026-02-05 13:50:22,195 [DEBUG] [Dummy-3] [qasync._windows._EventWorker/_windows.py:195]: Thread started
2026-02-05 13:50:23,529 [INFO] [MainThread] [root/bar_manager.py:85]: Starting SystemEventListener...
2026-02-05 13:50:23,530 [INFO] [MainThread] [root/bar_manager.py:85]: Starting WindowsNotificationEventListener...
2026-02-05 13:50:23,531 [INFO] [MainThread] [root/watcher.py:54]: Created file watcher for path C:\Users\Martijn\.config\yasb
2026-02-05 13:50:23,577 [INFO] [MainThread] [root/update_service.py:426]: Background update checker started
2026-02-05 21:34:34,618 [INFO] [MainThread] [root/bar.py:154]: Screen geometry changed. Updating position for bar primary-bar on screen 27GL850
2026-02-05 21:34:36,355 [INFO] [MainThread] [root/bar.py:154]: Screen geometry changed. Updating position for bar primary-bar on screen 27GL850
2026-02-05 21:37:46,677 [INFO] [MainThread] [root/bar.py:154]: Screen geometry changed. Updating position for bar primary-bar on screen 27GL850
2026-02-05 21:38:17,908 [INFO] [MainThread] [root/bar.py:154]: Screen geometry changed. Updating position for bar primary-bar on screen 27GL850
2026-02-05 21:38:19,644 [INFO] [MainThread] [root/bar.py:154]: Screen geometry changed. Updating position for bar primary-bar on screen 27GL850
2026-02-05 21:38:28,251 [INFO] [MainThread] [root/bar.py:154]: Screen geometry changed. Updating position for bar primary-bar on screen 27GL850
2026-02-05 21:38:30,301 [INFO] [MainThread] [root/bar.py:154]: Screen geometry changed. Updating position for bar primary-bar on screen LG HDR 4K
2026-02-05 21:38:32,230 [INFO] [MainThread] [root/bar.py:154]: Screen geometry changed. Updating position for bar primary-bar on screen LG HDR 4K
2026-02-05 21:38:34,416 [INFO] [MainThread] [root/bar.py:154]: Screen geometry changed. Updating position for bar primary-bar on screen LG HDR 4K
2026-02-05 21:38:36,433 [INFO] [MainThread] [root/bar.py:154]: Screen geometry changed. Updating position for bar primary-bar on screen LG HDR 4K
2026-02-05 21:38:58,473 [INFO] [MainThread] [root/bar.py:154]: Screen geometry changed. Updating position for bar primary-bar on screen LG HDR 4K
2026-02-06 01:04:30,225 [INFO] [MainThread] [root/bar_manager.py:92]: Stopping SystemEventListener...
2026-02-06 01:04:30,226 [INFO] [MainThread] [root/bar_manager.py:92]: Stopping WindowsNotificationEventListener...
2026-02-06 14:03:05,288 [INFO] [MainThread] [root/log.py:69]: YASB v1.8.7
2026-02-06 14:03:05,289 [INFO] [CLIPipeServer] [cli_server/cli_server.py:215]: CLI server started v1.1.5
2026-02-06 14:03:05,289 [INFO] [MainThread] [cli_server/cli_server.py:106]: Log pipe server started
2026-02-06 14:03:05,335 [DEBUG] [MainThread] [qasync._windows._EventPoller/_windows.py:215]: Starting (proactor: <_IocpProactor overlapped#=0 result#=0>)...
2026-02-06 14:03:05,336 [DEBUG] [Dummy-3] [qasync._windows._EventWorker/_windows.py:195]: Thread started
2026-02-06 14:03:06,211 [INFO] [MainThread] [root/bar_manager.py:85]: Starting SystemEventListener...
2026-02-06 14:03:06,211 [INFO] [MainThread] [root/bar_manager.py:85]: Starting WindowsNotificationEventListener...
2026-02-06 14:03:06,212 [INFO] [MainThread] [root/watcher.py:54]: Created file watcher for path C:\Users\Martijn\.config\yasb
2026-02-06 14:03:06,257 [INFO] [MainThread] [root/update_service.py:426]: Background update checker started
2026-02-06 18:31:41,676 [INFO] [MainThread] [root/controller.py:38]: Exiting Application from tray...
2026-02-06 18:31:41,777 [INFO] [MainThread] [cli_server/cli_server.py:114]: Log pipe server stopped
2026-02-06 18:31:41,777 [DEBUG] [MainThread] [cli_server/cli_server.py:209]: CLI server stopped
2026-02-06 18:31:42,132 [INFO] [MainThread] [root/bar_manager.py:92]: Stopping SystemEventListener...
2026-02-06 18:31:42,132 [INFO] [MainThread] [root/bar_manager.py:92]: Stopping WindowsNotificationEventListener...
2026-02-06 18:33:06,689 [INFO] [MainThread] [root/log.py:69]: YASB v1.8.7
2026-02-06 18:33:06,689 [INFO] [CLIPipeServer] [cli_server/cli_server.py:215]: CLI server started v1.1.5
2026-02-06 18:33:06,689 [INFO] [MainThread] [cli_server/cli_server.py:106]: Log pipe server started
2026-02-06 18:33:06,711 [DEBUG] [MainThread] [qasync._windows._EventPoller/_windows.py:215]: Starting (proactor: <_IocpProactor overlapped#=0 result#=0>)...
2026-02-06 18:33:06,712 [DEBUG] [Dummy-3] [qasync._windows._EventWorker/_windows.py:195]: Thread started
2026-02-06 18:33:07,685 [INFO] [MainThread] [root/bar_manager.py:85]: Starting SystemEventListener...
2026-02-06 18:33:07,685 [INFO] [MainThread] [root/bar_manager.py:85]: Starting WindowsNotificationEventListener...
2026-02-06 18:33:07,686 [INFO] [MainThread] [root/watcher.py:54]: Created file watcher for path C:\Users\Martijn\.config\yasb
2026-02-06 18:33:07,717 [INFO] [MainThread] [root/update_service.py:426]: Background update checker started
2026-02-07 01:24:44,889 [INFO] [MainThread] [root/bar_manager.py:92]: Stopping SystemEventListener...
2026-02-07 01:24:44,890 [INFO] [MainThread] [root/bar_manager.py:92]: Stopping WindowsNotificationEventListener...
2026-02-07 13:55:58,297 [INFO] [MainThread] [root/log.py:69]: YASB v1.8.7
2026-02-07 13:55:58,298 [INFO] [CLIPipeServer] [cli_server/cli_server.py:215]: CLI server started v1.1.5
2026-02-07 13:55:58,298 [INFO] [MainThread] [cli_server/cli_server.py:106]: Log pipe server started
2026-02-07 13:55:58,343 [DEBUG] [MainThread] [qasync._windows._EventPoller/_windows.py:215]: Starting (proactor: <_IocpProactor overlapped#=0 result#=0>)...
2026-02-07 13:55:58,345 [DEBUG] [Dummy-3] [qasync._windows._EventWorker/_windows.py:195]: Thread started
2026-02-07 13:55:59,319 [INFO] [MainThread] [root/bar_manager.py:85]: Starting SystemEventListener...
2026-02-07 13:55:59,319 [INFO] [MainThread] [root/bar_manager.py:85]: Starting WindowsNotificationEventListener...
2026-02-07 13:55:59,320 [INFO] [MainThread] [root/watcher.py:54]: Created file watcher for path C:\Users\Martijn\.config\yasb
2026-02-07 13:55:59,374 [INFO] [MainThread] [root/update_service.py:426]: Background update checker started
2026-02-07 16:58:39,067 [INFO] [MainThread] [root/controller.py:16]: Reloading Application because of config change.
2026-02-07 16:58:39,184 [INFO] [MainThread] [cli_server/cli_server.py:114]: Log pipe server stopped
2026-02-07 16:58:39,184 [DEBUG] [MainThread] [cli_server/cli_server.py:209]: CLI server stopped
2026-02-07 16:58:39,189 [INFO] [MainThread] [root/bar_manager.py:76]: Successfully loaded updated config and re-initialised all bars.
2026-02-07 16:58:39,497 [INFO] [MainThread] [root/bar_manager.py:92]: Stopping SystemEventListener...
2026-02-07 16:58:39,497 [INFO] [MainThread] [root/bar_manager.py:92]: Stopping WindowsNotificationEventListener...
2026-02-07 16:58:39,974 [INFO] [MainThread] [root/log.py:69]: YASB v1.8.7
2026-02-07 16:58:39,975 [INFO] [CLIPipeServer] [cli_server/cli_server.py:215]: CLI server started v1.1.5
2026-02-07 16:58:39,975 [INFO] [MainThread] [cli_server/cli_server.py:106]: Log pipe server started
2026-02-07 16:58:39,997 [DEBUG] [MainThread] [qasync._windows._EventPoller/_windows.py:215]: Starting (proactor: <_IocpProactor overlapped#=0 result#=0>)...
2026-02-07 16:58:39,998 [DEBUG] [Dummy-3] [qasync._windows._EventWorker/_windows.py:195]: Thread started
2026-02-07 16:58:40,987 [INFO] [MainThread] [root/bar_manager.py:85]: Starting SystemEventListener...
2026-02-07 16:58:40,988 [INFO] [MainThread] [root/bar_manager.py:85]: Starting WindowsNotificationEventListener...
2026-02-07 16:58:40,988 [INFO] [MainThread] [root/watcher.py:54]: Created file watcher for path C:\Users\Martijn\.config\yasb
2026-02-07 16:58:41,015 [INFO] [MainThread] [root/update_service.py:426]: Background update checker started
2026-02-07 16:59:31,392 [INFO] [MainThread] [root/log.py:95]: YASB v1.8.8
2026-02-07 16:59:31,392 [INFO] [CLIPipeServer] [cli_server/cli_server.py:215]: CLI server started v1.1.5
2026-02-07 16:59:31,392 [INFO] [MainThread] [cli_server/cli_server.py:106]: Log pipe server started
2026-02-07 16:59:31,463 [DEBUG] [MainThread] [qasync._windows._EventPoller/_windows.py:215]: Starting (proactor: <_IocpProactor overlapped#=0 result#=0>)...
2026-02-07 16:59:31,463 [DEBUG] [Dummy-3] [qasync._windows._EventWorker/_windows.py:195]: Thread started
2026-02-07 16:59:32,313 [INFO] [MainThread] [root/bar_manager.py:88]: Starting WindowsNotificationEventListener...
2026-02-07 16:59:32,313 [INFO] [MainThread] [root/bar_manager.py:88]: Starting SystemEventListener...
2026-02-07 16:59:32,314 [INFO] [MainThread] [root/watcher.py:65]: Watching directory: c:\users\martijn\.config\yasb
2026-02-07 16:59:32,314 [INFO] [MainThread] [root/watcher.py:104]: Created file watcher
2026-02-07 16:59:32,491 [INFO] [MainThread] [root/update_service.py:429]: Background update checker started
2026-02-07 17:52:42,601 [INFO] [MainThread] [root/bar.py:149]: Screen geometry changed. Updating position for bar primary-bar on screen LG HDR 4K
2026-02-08 01:14:40,177 [INFO] [MainThread] [root/bar.py:149]: Screen geometry changed. Updating position for bar primary-bar on screen LG HDR 4K
2026-02-08 02:13:20,081 [INFO] [MainThread] [root/bar_manager.py:104]: Stopping WindowsNotificationEventListener...
2026-02-08 02:13:20,082 [INFO] [MainThread] [root/bar_manager.py:104]: Stopping SystemEventListener...
2026-02-08 14:02:16,470 [INFO] [MainThread] [root/log.py:95]: YASB v1.8.8
2026-02-08 14:02:16,470 [INFO] [CLIPipeServer] [cli_server/cli_server.py:215]: CLI server started v1.1.5
2026-02-08 14:02:16,470 [INFO] [MainThread] [cli_server/cli_server.py:106]: Log pipe server started
2026-02-08 14:02:16,584 [DEBUG] [MainThread] [qasync._windows._EventPoller/_windows.py:215]: Starting (proactor: <_IocpProactor overlapped#=0 result#=0>)...
2026-02-08 14:02:16,586 [DEBUG] [Dummy-3] [qasync._windows._EventWorker/_windows.py:195]: Thread started
2026-02-08 14:02:17,567 [INFO] [MainThread] [root/bar_manager.py:88]: Starting WindowsNotificationEventListener...
2026-02-08 14:02:17,568 [INFO] [MainThread] [root/bar_manager.py:88]: Starting SystemEventListener...
2026-02-08 14:02:17,568 [INFO] [MainThread] [root/watcher.py:65]: Watching directory: c:\users\martijn\.config\yasb
2026-02-08 14:02:17,568 [INFO] [MainThread] [root/watcher.py:104]: Created file watcher
2026-02-08 14:02:17,801 [INFO] [MainThread] [root/update_service.py:429]: Background update checker started
2026-02-08 15:49:00,618 [DEBUG] [Thread-4] [root/watcher.py:84]: Stylesheet modified: c:\users\martijn\.config\yasb\styles.css
2026-02-08 15:49:00,618 [DEBUG] [Thread-4] [root/watcher.py:90]: Config file modified: c:\users\martijn\.config\yasb\config.yaml
2026-03-02 23:33:24,895 [INFO] [MainThread] [root/log.py:95]: YASB v1.9.0
2026-03-02 23:33:24,896 [INFO] [CLIPipeServer] [cli_server/cli_server.py:215]: CLI server started v1.1.6
2026-03-02 23:33:24,896 [INFO] [MainThread] [cli_server/cli_server.py:106]: Log pipe server started
2026-03-02 23:33:24,989 [DEBUG] [MainThread] [qasync._windows._EventPoller/_windows.py:215]: Starting (proactor: <_IocpProactor overlapped#=0 result#=0>)...
2026-03-02 23:33:24,990 [DEBUG] [Dummy-3] [qasync._windows._EventWorker/_windows.py:195]: Thread started
2026-03-02 23:33:26,525 [INFO] [MainThread] [root/bar_manager.py:88]: Starting SystemEventListener...
2026-03-02 23:33:26,525 [INFO] [MainThread] [root/bar_manager.py:88]: Starting WindowsNotificationEventListener...
2026-03-02 23:33:26,526 [INFO] [MainThread] [root/watcher.py:65]: Watching directory: c:\users\martijn\.config\yasb
2026-03-02 23:33:26,526 [INFO] [MainThread] [root/watcher.py:104]: Created file watcher
2026-03-02 23:33:26,719 [INFO] [MainThread] [root/update_service.py:429]: Background update checker started
2026-03-03 00:15:49,057 [INFO] [MainThread] [root/bar_manager.py:104]: Stopping SystemEventListener...
2026-03-03 00:15:49,057 [INFO] [MainThread] [root/bar_manager.py:104]: Stopping WindowsNotificationEventListener...
2026-03-18 16:09:28,995 [INFO] [MainThread] [root/log.py:95]: YASB v1.9.0
2026-03-18 16:09:28,995 [INFO] [CLIPipeServer] [cli_server/cli_server.py:215]: CLI server started v1.1.6
2026-03-18 16:09:28,996 [INFO] [MainThread] [cli_server/cli_server.py:106]: Log pipe server started
2026-03-18 16:09:29,037 [DEBUG] [MainThread] [qasync._windows._EventPoller/_windows.py:215]: Starting (proactor: <_IocpProactor overlapped#=0 result#=0>)...
2026-03-18 16:09:29,038 [DEBUG] [Dummy-3] [qasync._windows._EventWorker/_windows.py:195]: Thread started
2026-03-18 16:09:29,983 [INFO] [MainThread] [root/bar_manager.py:88]: Starting SystemEventListener...
2026-03-18 16:09:29,983 [INFO] [MainThread] [root/bar_manager.py:88]: Starting WindowsNotificationEventListener...
2026-03-18 16:09:29,986 [INFO] [MainThread] [root/watcher.py:65]: Watching directory: c:\users\martijn\.config\yasb
2026-03-18 16:09:29,986 [INFO] [MainThread] [root/watcher.py:104]: Created file watcher
2026-03-18 16:09:30,015 [INFO] [MainThread] [root/update_service.py:429]: Background update checker started
2026-03-18 17:28:56,144 [DEBUG] [Thread-4] [root/watcher.py:90]: Config file modified: c:\users\martijn\.config\yasb\config.yaml
2026-03-18 17:29:29,778 [DEBUG] [Thread-4] [root/watcher.py:90]: Config file modified: c:\users\martijn\.config\yasb\config.yaml
2026-03-18 17:29:29,787 [INFO] [MainThread] [root/controller.py:15]: Reloading Application because of config change.
2026-03-18 17:29:29,890 [INFO] [MainThread] [cli_server/cli_server.py:114]: Log pipe server stopped
2026-03-18 17:29:29,890 [DEBUG] [MainThread] [cli_server/cli_server.py:209]: CLI server stopped
2026-03-18 17:29:29,893 [INFO] [MainThread] [root/bar_manager.py:79]: Successfully loaded updated config and re-initialised all bars.
2026-03-18 17:29:30,155 [INFO] [MainThread] [root/log.py:95]: YASB v1.9.0
2026-03-18 17:29:30,155 [INFO] [CLIPipeServer] [cli_server/cli_server.py:215]: CLI server started v1.1.6
2026-03-18 17:29:30,155 [INFO] [MainThread] [cli_server/cli_server.py:106]: Log pipe server started
2026-03-18 17:29:30,156 [INFO] [MainThread] [root/main.py:46]: Waiting for previous YASB instance to exit...
2026-03-18 17:29:30,159 [INFO] [MainThread] [root/bar_manager.py:104]: Stopping SystemEventListener...
2026-03-18 17:29:30,159 [INFO] [MainThread] [root/bar_manager.py:104]: Stopping WindowsNotificationEventListener...
2026-03-18 17:29:30,406 [INFO] [MainThread] [root/main.py:72]: Previous instance exited, continuing startup.
2026-03-18 17:29:30,419 [DEBUG] [MainThread] [qasync._windows._EventPoller/_windows.py:215]: Starting (proactor: <_IocpProactor overlapped#=0 result#=0>)...
2026-03-18 17:29:30,419 [DEBUG] [Dummy-3] [qasync._windows._EventWorker/_windows.py:195]: Thread started
2026-03-18 17:29:30,758 [INFO] [MainThread] [root/bar_manager.py:88]: Starting WindowsNotificationEventListener...
2026-03-18 17:29:30,759 [INFO] [MainThread] [root/bar_manager.py:88]: Starting SystemEventListener...
2026-03-18 17:29:30,759 [INFO] [MainThread] [root/watcher.py:65]: Watching directory: c:\users\martijn\.config\yasb
2026-03-18 17:29:30,759 [INFO] [MainThread] [root/watcher.py:104]: Created file watcher
2026-03-18 17:29:30,778 [INFO] [MainThread] [root/update_service.py:429]: Background update checker started
2026-03-18 17:29:38,858 [DEBUG] [Thread-4] [root/watcher.py:90]: Config file modified: c:\users\martijn\.config\yasb\config.yaml
2026-03-18 17:29:38,868 [INFO] [MainThread] [root/controller.py:15]: Reloading Application because of config change.
2026-03-18 17:29:38,981 [INFO] [MainThread] [cli_server/cli_server.py:114]: Log pipe server stopped
2026-03-18 17:29:38,981 [DEBUG] [MainThread] [cli_server/cli_server.py:209]: CLI server stopped
2026-03-18 17:29:38,984 [INFO] [MainThread] [root/bar_manager.py:79]: Successfully loaded updated config and re-initialised all bars.
2026-03-18 17:29:39,221 [INFO] [MainThread] [root/log.py:95]: YASB v1.9.0
2026-03-18 17:29:39,221 [INFO] [CLIPipeServer] [cli_server/cli_server.py:215]: CLI server started v1.1.6
2026-03-18 17:29:39,221 [INFO] [MainThread] [cli_server/cli_server.py:106]: Log pipe server started
2026-03-18 17:29:39,222 [INFO] [MainThread] [root/main.py:46]: Waiting for previous YASB instance to exit...
2026-03-18 17:29:39,246 [INFO] [MainThread] [root/bar_manager.py:104]: Stopping WindowsNotificationEventListener...
2026-03-18 17:29:39,246 [INFO] [MainThread] [root/bar_manager.py:104]: Stopping SystemEventListener...
2026-03-18 17:29:39,472 [INFO] [MainThread] [root/main.py:72]: Previous instance exited, continuing startup.
2026-03-18 17:29:39,485 [DEBUG] [MainThread] [qasync._windows._EventPoller/_windows.py:215]: Starting (proactor: <_IocpProactor overlapped#=0 result#=0>)...
2026-03-18 17:29:39,485 [DEBUG] [Dummy-3] [qasync._windows._EventWorker/_windows.py:195]: Thread started
2026-03-18 17:29:39,809 [INFO] [MainThread] [root/bar_manager.py:88]: Starting WindowsNotificationEventListener...
2026-03-18 17:29:39,811 [INFO] [MainThread] [root/watcher.py:65]: Watching directory: c:\users\martijn\.config\yasb
2026-03-18 17:29:39,811 [INFO] [MainThread] [root/watcher.py:104]: Created file watcher
2026-03-18 17:29:39,830 [INFO] [MainThread] [root/update_service.py:429]: Background update checker started
2026-03-18 17:29:45,048 [DEBUG] [Thread-4] [root/watcher.py:90]: Config file modified: c:\users\martijn\.config\yasb\config.yaml
2026-03-18 20:52:43,696 [INFO] [MainThread] [root/controller.py:37]: Exiting Application from tray...
2026-03-18 20:52:43,801 [INFO] [MainThread] [cli_server/cli_server.py:114]: Log pipe server stopped
2026-03-18 20:52:43,801 [DEBUG] [MainThread] [cli_server/cli_server.py:209]: CLI server stopped
2026-03-18 20:52:44,164 [INFO] [MainThread] [root/bar_manager.py:104]: Stopping WindowsNotificationEventListener...
2026-03-29 14:58:59,249 [INFO] [MainThread] [root/log.py:99]: YASB v1.9.1
2026-03-29 14:58:59,249 [INFO] [CLIPipeServer] [cli_server/cli_server.py:215]: CLI server started v1.1.6
2026-03-29 14:58:59,249 [INFO] [MainThread] [cli_server/cli_server.py:106]: Log pipe server started
2026-03-29 14:59:00,225 [INFO] [MainThread] [root/bar_manager.py:95]: Starting WindowsNotificationEventListener...
2026-03-29 14:59:00,226 [INFO] [MainThread] [root/watcher.py:65]: Watching directory: c:\users\martijn\.config\yasb
2026-03-29 14:59:00,226 [INFO] [MainThread] [root/watcher.py:104]: Created file watcher
2026-03-29 14:59:00,251 [INFO] [MainThread] [root/update_service.py:429]: Background update checker started
2026-03-29 15:01:03,529 [DEBUG] [Thread-3] [root/watcher.py:84]: Stylesheet modified: c:\users\martijn\.config\yasb\styles.css
2026-03-29 15:01:17,018 [DEBUG] [Thread-3] [root/watcher.py:84]: Stylesheet modified: c:\users\martijn\.config\yasb\styles.css
2026-03-29 15:17:07,713 [INFO] [MainThread] [root/controller.py:43]: Exiting Application from tray...
2026-03-29 15:17:07,818 [INFO] [MainThread] [cli_server/cli_server.py:114]: Log pipe server stopped
2026-03-29 15:17:07,818 [DEBUG] [MainThread] [cli_server/cli_server.py:209]: CLI server stopped
2026-03-29 15:17:08,171 [INFO] [MainThread] [root/bar_manager.py:111]: Stopping WindowsNotificationEventListener...
2026-03-30 19:46:22,190 [INFO] [MainThread] [root/log.py:99]: YASB v1.9.1
2026-03-30 19:46:22,190 [INFO] [CLIPipeServer] [cli_server/cli_server.py:215]: CLI server started v1.1.6
2026-03-30 19:46:22,190 [INFO] [MainThread] [cli_server/cli_server.py:106]: Log pipe server started
2026-03-30 19:46:22,926 [INFO] [MainThread] [root/bar_manager.py:95]: Starting WindowsNotificationEventListener...
2026-03-30 19:46:22,927 [INFO] [MainThread] [root/watcher.py:65]: Watching directory: c:\users\martijn\.config\yasb
2026-03-30 19:46:22,927 [INFO] [MainThread] [root/watcher.py:104]: Created file watcher
2026-03-30 19:46:22,951 [INFO] [MainThread] [root/update_service.py:429]: Background update checker started
2026-03-30 21:44:20,771 [INFO] [MainThread] [root/bar_manager.py:111]: Stopping WindowsNotificationEventListener...
2026-04-15 20:33:45,123 [INFO] [MainThread] [root/log.py:99]: YASB v1.9.1
2026-04-15 20:33:45,124 [INFO] [CLIPipeServer] [cli_server/cli_server.py:215]: CLI server started v1.1.6
2026-04-15 20:33:45,124 [INFO] [MainThread] [cli_server/cli_server.py:106]: Log pipe server started
2026-04-15 20:33:45,924 [INFO] [MainThread] [root/bar_manager.py:95]: Starting WindowsNotificationEventListener...
2026-04-15 20:33:45,925 [INFO] [MainThread] [root/watcher.py:65]: Watching directory: c:\users\martijn\.config\yasb
2026-04-15 20:33:45,925 [INFO] [MainThread] [root/watcher.py:104]: Created file watcher
2026-04-15 20:33:46,094 [INFO] [MainThread] [root/update_service.py:429]: Background update checker started
2026-04-15 21:02:45,119 [DEBUG] [Thread-3] [root/watcher.py:90]: Config file modified: c:\users\martijn\.config\yasb\config.yaml
2026-04-15 21:02:45,130 [INFO] [MainThread] [root/controller.py:21]: Reloading Application because of config change.
2026-04-15 21:02:45,246 [INFO] [MainThread] [cli_server/cli_server.py:114]: Log pipe server stopped
2026-04-15 21:02:45,246 [DEBUG] [MainThread] [cli_server/cli_server.py:209]: CLI server stopped
2026-04-15 21:02:45,250 [INFO] [MainThread] [root/bar_manager.py:85]: Successfully loaded updated config and re-initialised all bars.
2026-04-15 21:02:45,497 [INFO] [MainThread] [root/log.py:99]: YASB v1.9.1
2026-04-15 21:02:45,497 [INFO] [CLIPipeServer] [cli_server/cli_server.py:215]: CLI server started v1.1.6
2026-04-15 21:02:45,497 [INFO] [MainThread] [cli_server/cli_server.py:106]: Log pipe server started
2026-04-15 21:02:45,497 [INFO] [MainThread] [root/main.py:46]: Waiting for previous YASB instance to exit...
2026-04-15 21:02:45,528 [INFO] [MainThread] [root/bar_manager.py:111]: Stopping WindowsNotificationEventListener...
2026-04-15 21:02:45,748 [INFO] [MainThread] [root/main.py:72]: Previous instance exited, continuing startup.
2026-04-15 21:02:46,254 [INFO] [MainThread] [root/bar_manager.py:95]: Starting WindowsNotificationEventListener...
2026-04-15 21:02:46,255 [INFO] [MainThread] [root/watcher.py:65]: Watching directory: c:\users\martijn\.config\yasb
2026-04-15 21:02:46,255 [INFO] [MainThread] [root/watcher.py:104]: Created file watcher
2026-04-15 21:02:46,275 [INFO] [MainThread] [root/update_service.py:429]: Background update checker started
2026-04-15 21:02:46,281 [INFO] [MainThread] [root/open_meteo.py:138]: No saved location for open_meteo. Awaiting user setup.
2026-04-15 21:03:02,355 [DEBUG] [Thread-4] [root/watcher.py:84]: Stylesheet modified: c:\users\martijn\.config\yasb\styles.css
2026-04-15 21:03:11,918 [INFO] [MainThread] [root/log.py:99]: YASB v1.9.1
2026-04-15 21:03:11,918 [INFO] [CLIPipeServer] [cli_server/cli_server.py:215]: CLI server started v1.1.6
2026-04-15 21:03:11,919 [INFO] [MainThread] [cli_server/cli_server.py:106]: Log pipe server started
2026-04-15 21:03:11,919 [ERROR] [MainThread] [root/main.py:75]: Another instance of the YASB is already running.
2026-04-15 21:03:14,510 [INFO] [CLIPipeServer] [cli_server/cli_server.py:256]: CLI server received command: stop
2026-04-15 21:03:14,510 [INFO] [CLIPipeServer] [root/controller.py:43]: Exiting Application from CLI...
2026-04-15 21:03:14,625 [INFO] [CLIPipeServer] [cli_server/cli_server.py:114]: Log pipe server stopped
2026-04-15 21:03:14,626 [DEBUG] [CLIPipeServer] [cli_server/cli_server.py:209]: CLI server stopped
2026-04-15 21:03:14,907 [INFO] [MainThread] [root/bar_manager.py:111]: Stopping WindowsNotificationEventListener...
2026-04-15 21:03:17,845 [INFO] [MainThread] [root/log.py:99]: YASB v1.9.1
2026-04-15 21:03:17,845 [INFO] [CLIPipeServer] [cli_server/cli_server.py:215]: CLI server started v1.1.6
2026-04-15 21:03:17,845 [INFO] [MainThread] [cli_server/cli_server.py:106]: Log pipe server started
2026-04-15 21:03:18,658 [INFO] [MainThread] [root/bar_manager.py:95]: Starting WindowsNotificationEventListener...
2026-04-15 21:03:18,659 [INFO] [MainThread] [root/watcher.py:65]: Watching directory: c:\users\martijn\.config\yasb
2026-04-15 21:03:18,659 [INFO] [MainThread] [root/watcher.py:104]: Created file watcher
2026-04-15 21:03:18,684 [INFO] [MainThread] [root/update_service.py:429]: Background update checker started
2026-04-15 21:03:18,692 [INFO] [MainThread] [root/open_meteo.py:138]: No saved location for open_meteo. Awaiting user setup.
2026-04-15 21:03:20,471 [DEBUG] [LogPipeServer] [cli_server/cli_server.py:145]: Log pipe server client connected
2026-04-15 21:05:20,513 [ERROR] [LogPipeServer] [cli_server/cli_server.py:162]: Write pong failed. Err: 232
2026-04-15 21:05:20,614 [DEBUG] [LogPipeServer] [cli_server/cli_server.py:170]: Log pipe server client disconnected
2026-04-15 21:05:26,446 [INFO] [CLIPipeServer] [cli_server/cli_server.py:256]: CLI server received command: stop
2026-04-15 21:05:26,446 [INFO] [CLIPipeServer] [root/controller.py:43]: Exiting Application from CLI...
2026-04-15 21:05:26,550 [INFO] [CLIPipeServer] [cli_server/cli_server.py:114]: Log pipe server stopped
2026-04-15 21:05:26,550 [DEBUG] [CLIPipeServer] [cli_server/cli_server.py:209]: CLI server stopped
2026-04-15 21:05:26,847 [INFO] [MainThread] [root/bar_manager.py:111]: Stopping WindowsNotificationEventListener...
2026-04-15 21:05:32,186 [INFO] [MainThread] [root/log.py:99]: YASB v1.9.1
2026-04-15 21:05:32,186 [INFO] [CLIPipeServer] [cli_server/cli_server.py:215]: CLI server started v1.1.6
2026-04-15 21:05:32,186 [INFO] [MainThread] [cli_server/cli_server.py:106]: Log pipe server started
2026-04-15 21:05:32,822 [INFO] [MainThread] [root/bar_manager.py:95]: Starting WindowsNotificationEventListener...
2026-04-15 21:05:32,823 [INFO] [MainThread] [root/watcher.py:65]: Watching directory: c:\users\martijn\.config\yasb
2026-04-15 21:05:32,823 [INFO] [MainThread] [root/watcher.py:104]: Created file watcher
2026-04-15 21:05:32,847 [INFO] [MainThread] [root/update_service.py:429]: Background update checker started
2026-04-15 21:05:32,855 [INFO] [MainThread] [root/open_meteo.py:138]: No saved location for open_meteo. Awaiting user setup.
2026-04-15 21:05:36,950 [INFO] [CLIPipeServer] [cli_server/cli_server.py:256]: CLI server received command: stop
2026-04-15 21:05:36,950 [INFO] [CLIPipeServer] [root/controller.py:43]: Exiting Application from CLI...
2026-04-15 21:05:37,053 [INFO] [CLIPipeServer] [cli_server/cli_server.py:114]: Log pipe server stopped
2026-04-15 21:05:37,053 [DEBUG] [CLIPipeServer] [cli_server/cli_server.py:209]: CLI server stopped
2026-04-15 21:05:37,335 [INFO] [MainThread] [root/bar_manager.py:111]: Stopping WindowsNotificationEventListener...
2026-04-15 21:05:41,179 [INFO] [MainThread] [root/log.py:99]: YASB v1.9.1
2026-04-15 21:05:41,179 [INFO] [CLIPipeServer] [cli_server/cli_server.py:215]: CLI server started v1.1.6
2026-04-15 21:05:41,179 [INFO] [MainThread] [cli_server/cli_server.py:106]: Log pipe server started
2026-04-15 21:05:41,830 [INFO] [MainThread] [root/bar_manager.py:95]: Starting WindowsNotificationEventListener...
2026-04-15 21:05:41,831 [INFO] [MainThread] [root/watcher.py:65]: Watching directory: c:\users\martijn\.config\yasb
2026-04-15 21:05:41,831 [INFO] [MainThread] [root/watcher.py:104]: Created file watcher
2026-04-15 21:05:41,854 [INFO] [MainThread] [root/update_service.py:429]: Background update checker started
2026-04-15 21:05:41,861 [INFO] [MainThread] [root/open_meteo.py:138]: No saved location for open_meteo. Awaiting user setup.
2026-04-15 21:05:46,001 [INFO] [CLIPipeServer] [cli_server/cli_server.py:256]: CLI server received command: stop
2026-04-15 21:05:46,002 [INFO] [CLIPipeServer] [root/controller.py:43]: Exiting Application from CLI...
2026-04-15 21:05:46,107 [INFO] [CLIPipeServer] [cli_server/cli_server.py:114]: Log pipe server stopped
2026-04-15 21:05:46,107 [DEBUG] [CLIPipeServer] [cli_server/cli_server.py:209]: CLI server stopped
2026-04-15 21:05:46,389 [INFO] [MainThread] [root/bar_manager.py:111]: Stopping WindowsNotificationEventListener...
2026-04-15 21:05:50,074 [INFO] [MainThread] [root/log.py:99]: YASB v1.9.1
2026-04-15 21:05:50,074 [INFO] [CLIPipeServer] [cli_server/cli_server.py:215]: CLI server started v1.1.6
2026-04-15 21:05:50,074 [INFO] [MainThread] [cli_server/cli_server.py:106]: Log pipe server started
2026-04-15 21:05:50,701 [INFO] [MainThread] [root/bar_manager.py:95]: Starting WindowsNotificationEventListener...
2026-04-15 21:05:50,702 [INFO] [MainThread] [root/watcher.py:65]: Watching directory: c:\users\martijn\.config\yasb
2026-04-15 21:05:50,702 [INFO] [MainThread] [root/watcher.py:104]: Created file watcher
2026-04-15 21:05:50,726 [INFO] [MainThread] [root/update_service.py:429]: Background update checker started
2026-04-15 21:05:50,733 [INFO] [MainThread] [root/open_meteo.py:138]: No saved location for open_meteo. Awaiting user setup.
2026-04-15 21:05:51,045 [INFO] [CLIPipeServer] [cli_server/cli_server.py:256]: CLI server received command: stop
2026-04-15 21:05:51,045 [INFO] [CLIPipeServer] [root/controller.py:43]: Exiting Application from CLI...
2026-04-15 21:05:51,148 [INFO] [CLIPipeServer] [cli_server/cli_server.py:114]: Log pipe server stopped
2026-04-15 21:05:51,148 [DEBUG] [CLIPipeServer] [cli_server/cli_server.py:209]: CLI server stopped
2026-04-15 21:05:51,254 [INFO] [MainThread] [root/bar_manager.py:111]: Stopping WindowsNotificationEventListener...
2026-04-15 21:07:39,731 [INFO] [MainThread] [root/log.py:99]: YASB v1.9.1
2026-04-15 21:07:39,731 [INFO] [CLIPipeServer] [cli_server/cli_server.py:215]: CLI server started v1.1.6
2026-04-15 21:07:39,731 [INFO] [MainThread] [cli_server/cli_server.py:106]: Log pipe server started
2026-04-15 21:07:40,365 [INFO] [MainThread] [root/bar_manager.py:95]: Starting WindowsNotificationEventListener...
2026-04-15 21:07:40,366 [INFO] [MainThread] [root/watcher.py:65]: Watching directory: c:\users\martijn\.config\yasb
2026-04-15 21:07:40,366 [INFO] [MainThread] [root/watcher.py:104]: Created file watcher
2026-04-15 21:07:40,393 [INFO] [MainThread] [root/update_service.py:429]: Background update checker started
2026-04-15 21:07:40,401 [INFO] [MainThread] [root/open_meteo.py:138]: No saved location for open_meteo. Awaiting user setup.
2026-04-15 21:07:52,440 [DEBUG] [MainThread] [wifi_widget/wifi_managers.py:350]: Scanning for WiFi networks...
2026-04-15 21:09:22,230 [DEBUG] [Thread-4] [root/watcher.py:90]: Config file modified: c:\users\martijn\.config\yasb\config.yaml
2026-04-15 21:09:22,242 [INFO] [MainThread] [root/controller.py:21]: Reloading Application because of config change.
2026-04-15 21:09:22,344 [INFO] [MainThread] [cli_server/cli_server.py:114]: Log pipe server stopped
2026-04-15 21:09:22,344 [DEBUG] [MainThread] [cli_server/cli_server.py:209]: CLI server stopped
2026-04-15 21:09:22,347 [INFO] [MainThread] [root/bar_manager.py:85]: Successfully loaded updated config and re-initialised all bars.
2026-04-15 21:09:22,593 [INFO] [MainThread] [root/log.py:99]: YASB v1.9.1
2026-04-15 21:09:22,594 [INFO] [CLIPipeServer] [cli_server/cli_server.py:215]: CLI server started v1.1.6
2026-04-15 21:09:22,594 [INFO] [MainThread] [cli_server/cli_server.py:106]: Log pipe server started
2026-04-15 21:09:22,594 [INFO] [MainThread] [root/main.py:46]: Waiting for previous YASB instance to exit...
2026-04-15 21:09:22,631 [INFO] [MainThread] [root/bar_manager.py:111]: Stopping WindowsNotificationEventListener...
2026-04-15 21:09:22,845 [INFO] [MainThread] [root/main.py:72]: Previous instance exited, continuing startup.
2026-04-15 21:09:23,293 [INFO] [MainThread] [root/bar_manager.py:95]: Starting WindowsNotificationEventListener...
2026-04-15 21:09:23,294 [INFO] [MainThread] [root/watcher.py:65]: Watching directory: c:\users\martijn\.config\yasb
2026-04-15 21:09:23,294 [INFO] [MainThread] [root/watcher.py:104]: Created file watcher
2026-04-15 21:09:23,315 [INFO] [MainThread] [root/update_service.py:429]: Background update checker started
2026-04-15 21:09:25,449 [INFO] [CLIPipeServer] [cli_server/cli_server.py:256]: CLI server received command: reload
2026-04-15 21:09:25,449 [INFO] [CLIPipeServer] [root/controller.py:21]: Reloading Application from CLI...
2026-04-15 21:09:25,556 [INFO] [CLIPipeServer] [cli_server/cli_server.py:114]: Log pipe server stopped
2026-04-15 21:09:25,556 [DEBUG] [CLIPipeServer] [cli_server/cli_server.py:209]: CLI server stopped
2026-04-15 21:09:25,815 [INFO] [MainThread] [root/log.py:99]: YASB v1.9.1
2026-04-15 21:09:25,815 [INFO] [CLIPipeServer] [cli_server/cli_server.py:215]: CLI server started v1.1.6
2026-04-15 21:09:25,815 [INFO] [MainThread] [cli_server/cli_server.py:106]: Log pipe server started
2026-04-15 21:09:25,815 [INFO] [MainThread] [root/main.py:46]: Waiting for previous YASB instance to exit...
2026-04-15 21:09:25,823 [INFO] [MainThread] [root/bar_manager.py:111]: Stopping WindowsNotificationEventListener...
2026-04-15 21:09:26,066 [INFO] [MainThread] [root/main.py:72]: Previous instance exited, continuing startup.
2026-04-15 21:09:26,475 [INFO] [MainThread] [root/bar_manager.py:95]: Starting WindowsNotificationEventListener...
2026-04-15 21:09:26,476 [INFO] [MainThread] [root/watcher.py:65]: Watching directory: c:\users\martijn\.config\yasb
2026-04-15 21:09:26,476 [INFO] [MainThread] [root/watcher.py:104]: Created file watcher
2026-04-15 21:09:26,498 [INFO] [MainThread] [root/update_service.py:429]: Background update checker started
2026-04-15 21:10:04,675 [INFO] [MainThread] [root/controller.py:43]: Exiting Application from tray...
2026-04-15 21:10:04,790 [INFO] [MainThread] [cli_server/cli_server.py:114]: Log pipe server stopped
2026-04-15 21:10:04,790 [DEBUG] [MainThread] [cli_server/cli_server.py:209]: CLI server stopped
2026-04-15 21:10:05,167 [INFO] [MainThread] [root/bar_manager.py:111]: Stopping WindowsNotificationEventListener...
2026-05-13 14:34:59,445 [INFO] [MainThread] [root/log.py:104]: YASB v2.0.0
2026-05-13 14:34:59,445 [INFO] [CLIPipeServer] [cli_server/cli_server.py:216]: CLI server started v1.1.7
2026-05-13 14:34:59,446 [INFO] [MainThread] [cli_server/cli_server.py:106]: Log pipe server started
2026-05-13 14:34:59,542 [WARNING] [MainThread] [deprecation/deprecation.py:133]: [DEPRECATED] BarBlurEffect: 'acrylic' - No longer supported and can be removed from the config.
2026-05-13 14:34:59,543 [WARNING] [MainThread] [deprecation/deprecation.py:133]: [DEPRECATED] BarBlurEffect: 'acrylic' - No longer supported and can be removed from the config.
2026-05-13 14:34:59,696 [WARNING] [MainThread] [deprecation/deprecation.py:133]: [DEPRECATED] GlazewmWorkspacesConfig: 'hide_empty_workspaces' - No longer supported and can be removed from the config.
2026-05-13 14:34:59,995 [WARNING] [MainThread] [deprecation/deprecation.py:133]: [DEPRECATED] MediaWidgetConfig: 'label_shadow' - Use CSS text-shadow instead.
2026-05-13 14:35:00,479 [INFO] [MainThread] [root/bar_manager.py:102]: Starting WindowsNotificationEventListener...
2026-05-13 14:35:00,480 [INFO] [MainThread] [root/watcher.py:65]: Watching directory: c:\users\martijn\.config\yasb
2026-05-13 14:35:00,481 [INFO] [MainThread] [root/watcher.py:104]: Created file watcher
2026-05-13 14:35:00,627 [INFO] [MainThread] [root/update_service.py:434]: Background update checker started
2026-05-13 14:35:21,128 [ERROR] [MainThread] [wifi_widget/wifi_managers.py:342]: Error scanning for WiFi networks: The wireless local area network interface is powered down and doesn't support the requested operation.
2026-05-13 14:35:37,616 [INFO] [MainThread] [root/controller.py:43]: Exiting Application from tray...
2026-05-13 14:35:37,725 [INFO] [MainThread] [cli_server/cli_server.py:114]: Log pipe server stopped
2026-05-13 14:35:38,048 [INFO] [MainThread] [root/bar_manager.py:118]: Stopping WindowsNotificationEventListener...
2026-06-15 20:31:08,397 [INFO] [MainThread] [root/log.py:104]: YASB v2.0.3
2026-06-15 20:31:08,397 [INFO] [CLIPipeServer] [cli_server/cli_server.py:216]: CLI server started v1.1.7
2026-06-15 20:31:08,398 [INFO] [MainThread] [cli_server/cli_server.py:106]: Log pipe server started
2026-06-15 20:31:08,475 [WARNING] [MainThread] [deprecation/deprecation.py:136]: [DEPRECATED] BarBlurEffect: 'acrylic' - No longer supported and can be removed from the config.
2026-06-15 20:31:08,475 [WARNING] [MainThread] [deprecation/deprecation.py:136]: [DEPRECATED] BarBlurEffect: 'acrylic' - No longer supported and can be removed from the config.
2026-06-15 20:31:08,601 [WARNING] [MainThread] [deprecation/deprecation.py:136]: [DEPRECATED] GlazewmWorkspacesConfig: 'hide_empty_workspaces' - No longer supported and can be removed from the config.
2026-06-15 20:31:08,964 [WARNING] [MainThread] [deprecation/deprecation.py:136]: [DEPRECATED] MediaWidgetConfig: 'label_shadow' - Use CSS text-shadow instead.
2026-06-15 20:31:09,462 [INFO] [MainThread] [root/bar_manager.py:103]: Starting WindowsNotificationEventListener...
2026-06-15 20:31:09,463 [INFO] [MainThread] [root/watcher.py:65]: Watching directory: c:\users\martijn\.config\yasb
2026-06-15 20:31:09,464 [INFO] [MainThread] [root/watcher.py:104]: Created file watcher
2026-06-15 20:31:09,607 [INFO] [MainThread] [root/update_service.py:434]: Background update checker started
2026-06-15 23:47:01,850 [INFO] [MainThread] [root/controller.py:43]: Exiting Application from tray...
2026-06-15 23:47:01,962 [INFO] [MainThread] [cli_server/cli_server.py:114]: Log pipe server stopped
2026-06-15 23:47:02,347 [INFO] [MainThread] [root/bar_manager.py:119]: Stopping WindowsNotificationEventListener...
2026-07-06 19:21:08,211 [INFO] [MainThread] [root/log.py:104]: YASB v2.0.5
2026-07-06 19:21:08,212 [INFO] [CLIPipeServer] [cli_server/cli_server.py:216]: CLI server started v1.1.7
2026-07-06 19:21:08,212 [INFO] [MainThread] [cli_server/cli_server.py:106]: Log pipe server started
2026-07-06 19:21:08,257 [WARNING] [MainThread] [deprecation/deprecation.py:136]: [DEPRECATED] BarBlurEffect: 'acrylic' - No longer supported and can be removed from the config.
2026-07-06 19:21:08,257 [WARNING] [MainThread] [deprecation/deprecation.py:136]: [DEPRECATED] BarBlurEffect: 'acrylic' - No longer supported and can be removed from the config.
2026-07-06 19:21:08,395 [WARNING] [MainThread] [deprecation/deprecation.py:136]: [DEPRECATED] GlazewmWorkspacesConfig: 'hide_empty_workspaces' - No longer supported and can be removed from the config.
2026-07-06 19:21:08,774 [WARNING] [MainThread] [deprecation/deprecation.py:136]: [DEPRECATED] MediaWidgetConfig: 'label_shadow' - Use CSS text-shadow instead.
2026-07-06 19:21:09,263 [INFO] [MainThread] [root/bar_manager.py:103]: Starting WindowsNotificationEventListener...
2026-07-06 19:21:09,264 [INFO] [MainThread] [root/watcher.py:65]: Watching directory: c:\users\martijn\.config\yasb
2026-07-06 19:21:09,264 [INFO] [MainThread] [root/watcher.py:104]: Created file watcher
2026-07-06 19:21:09,308 [INFO] [MainThread] [root/update_service.py:434]: Background update checker started
2026-07-06 19:52:52,973 [INFO] [MainThread] [root/bar_manager.py:97]: Screens updated. Re-initialising all bars.
2026-07-06 19:52:53,267 [INFO] [MainThread] [root/controller.py:21]: Reloading Application because of screen update.
2026-07-06 19:52:53,437 [INFO] [MainThread] [cli_server/cli_server.py:114]: Log pipe server stopped
2026-07-06 19:52:54,451 [INFO] [MainThread] [root/bar_manager.py:119]: Stopping WindowsNotificationEventListener...
2026-07-06 19:53:06,351 [INFO] [MainThread] [root/log.py:104]: YASB v2.0.5
2026-07-06 19:53:06,352 [INFO] [CLIPipeServer] [cli_server/cli_server.py:216]: CLI server started v1.1.7
2026-07-06 19:53:06,352 [INFO] [MainThread] [cli_server/cli_server.py:106]: Log pipe server started
2026-07-06 19:53:07,287 [WARNING] [MainThread] [deprecation/deprecation.py:136]: [DEPRECATED] BarBlurEffect: 'acrylic' - No longer supported and can be removed from the config.
2026-07-06 19:53:07,287 [WARNING] [MainThread] [deprecation/deprecation.py:136]: [DEPRECATED] BarBlurEffect: 'acrylic' - No longer supported and can be removed from the config.
2026-07-06 19:53:08,333 [WARNING] [MainThread] [deprecation/deprecation.py:136]: [DEPRECATED] GlazewmWorkspacesConfig: 'hide_empty_workspaces' - No longer supported and can be removed from the config.
2026-07-06 19:53:10,061 [WARNING] [MainThread] [deprecation/deprecation.py:136]: [DEPRECATED] MediaWidgetConfig: 'label_shadow' - Use CSS text-shadow instead.
2026-07-06 19:53:12,949 [INFO] [MainThread] [root/bar_manager.py:103]: Starting WindowsNotificationEventListener...
2026-07-06 19:53:12,983 [INFO] [MainThread] [root/watcher.py:65]: Watching directory: c:\users\martijn\.config\yasb
2026-07-06 19:53:12,983 [INFO] [MainThread] [root/watcher.py:104]: Created file watcher
2026-07-06 19:53:13,174 [INFO] [MainThread] [root/update_service.py:434]: Background update checker started
2026-07-06 20:03:04,087 [WARNING] [MainThread] [glazewm_client/client.py:134]: WebSocket error: SocketError.RemoteHostClosedError. Reconnecting...
2026-07-06 20:03:04,090 [WARNING] [MainThread] [glazewm_client/client.py:134]: WebSocket error: SocketError.RemoteHostClosedError. Reconnecting...
2026-07-06 20:05:30,017 [ERROR] [MainThread] [wifi_widget/wifi_managers.py:349]: Error scanning for WiFi networks: Access is denied.
2026-07-07 00:48:33,583 [INFO] [MainThread] [root/bar_manager.py:119]: Stopping WindowsNotificationEventListener...
2026-07-07 00:48:33,917 [WARNING] [MainThread] [glazewm_client/client.py:134]: WebSocket error: SocketError.RemoteHostClosedError. Reconnecting...
